Workbook

Sheet Total Population
D1: County Growth Projections Total Population
A2: Total Population | AM2: Historic Growth Overview | AQ2: Projected Growth Overview
B3: 1980 | C3: 1990 | D3: 2000 | E3: 2010 | F3: 2020 | G3: 2021 | H3: 2025 | M3: 2030 | R3: 2035 | W3: 2040 | AB3: 2045 | AG3: 2050 | AM3: 1980 - 2021 | AQ3: 2021 - 2050
A4: COUNTY | B4: Estimate (1) | C4: Estimate | D4: Estimate | E4: Estimate | F4: Estimate | G4: Estimate | H4: Forecast (2) | I4: Confidence Limit (upper) (3) | J4: Confidence Limit (lower) (3) | K4: Confidence Interval (upper) (4) | L4: Confidence Interval (lower) (4) | M4: Forecast | N4: Confidence Limit (upper) | O4: Confidence Limit (lower) | P4: Confidence Interval (upper) | Q4: Confidence Interval (lower) | R4: Forecast | S4: Confidence Limit (upper) | T4: Confidence Limit (lower) | U4: Confidence Interval (upper) | V4: Confidence Interval (lower) | W4: Forecast | X4: Confidence Limit (upper) | Y4: Confidence Limit (lower) | Z4: Confidence Interval (upper) | AA4: Confidence Interval (lower) | AB4: Forecast | AC4: Confidence Limit (upper) | AD4: Confidence Limit (lower) | AE4: Confidence Interval (upper) | AF4: Confidence Interval (lower) | AG4: Forecast | AH4: Confidence Limit (upper) | AI4: Confidence Limit (lower) | AJ4: Confidence Interval (upper) | AK4: Confidence Interval (lower) | AM4: Growth | AN4: % Growth | AO4: CAGR (5) | AQ4: Growth | AR4: % Growth | AS4: CAGR
A5: Delaware | B5: 53840 | C5: 67482 | D5: 111759 | E5: 175099 | F5: 215062 | G5: 220740 | H5: 247016 | I5: 248441 | J5: 238464 | K5: =I5-$H$5 -> 1425 | L5: =J5-$H5 -> -8552 | M5: 277484 | N5: 287218 | O5: 256467 | P5: =N5-$M5 -> 9734 | Q5: =O5-$M5 -> -21017 | R5: 310863 | S5: 329249 | T5: 271216 | U5: =S5-$R5 -> 18386 | V5: =T5-$R5 -> -39647 | W5: 340917 | X5: 373888 | Y5: 283357 | Z5: =X5-$W5 -> 32971 | AA5: =Y5-$W5 -> -57560 | AB5: 369307 | AC5: 420768 | AD5: 293257 | AE5: =AC5-$AB5 -> 51461 | AF5: =AD5-$AB5 -> -76050 | AG5: 397697 | AH5: 469644 | AI5: 301161 | AJ5: =AH5-$AG5 -> 71947 | AK5: =AI5-$AG5 -> -96536 | AM5: =G5-B5 -> 166900 | AN5: =AM5/B5 -> 3.0999257 | AO5: =(G5/B5)^(1/($G$3-$B$3))-1 -> 0.035012883 | AQ5: =AG5-G5 -> 176957 | AR5: =AQ5/G5 -> 0.80165353 | AS5: =(AG5/G5)^(1/($AG$3-$G$3))-1 -> 0.020507618
A6: Fairfield | B6: 93678 | C6: 103823 | D6: 123485 | E6: 146417 | F6: 159357 | G6: 161064 | H6: 169183 | I6: 171704 | J6: 163990 | K6: =I6-H6 -> 2521 | L6: =J6-$H6 -> -5193 | M6: 178449 | N6: 188541 | O6: 164104 | P6: =N6-$M6 -> 10092 | Q6: =O6-$M6 -> -14345 | R6: 188820 | S6: 208055 | T6: 161542 | U6: =S6-$R6 -> 19235 | V6: =T6-$R6 -> -27278 | W6: 197928 | X6: 229705 | Y6: 156843 | Z6: =X6-$W6 -> 31777 | AA6: =Y6-$W6 -> -41085 | AB6: 206404 | AC6: 253189 | AD6: 150311 | AE6: =AC6-$AB6 -> 46785 | AF6: =AD6-$AB6 -> -56093 | AG6: 214880 | AH6: 278304 | AI6: 142147 | AJ6: =AH6-$AG6 -> 63424 | AK6: =AI6-$AG6 -> -72733 | AM6: =G6-B6 -> 67386 | AN6: =AM6/B6 -> 0.71933645 | AO6: =(G6/B6)^(1/($G$3-$B$3))-1 -> 0.013305755 | AQ6: =AG6-G6 -> 53816 | AR6: =AQ6/G6 -> 0.33412805 | AS6: =(AG6/G6)^(1/($AG$3-$G$3))-1 -> 0.0099901904
A7: Fayette | B7: 27467 | C7: 27501 | D7: 28495 | E7: 29014 | F7: 28939 | G7: 28906 | H7: 29419 | I7: 29855 | J7: 28912 | K7: =I7-H7 -> 436 | L7: =J7-$H7 -> -507 | M7: 30011 | N7: 31216 | O7: 28691 | P7: =N7-$M7 -> 1205 | Q7: =O7-$M7 -> -1320 | R7: 30634 | S7: 32814 | T7: 28240 | U7: =S7-$R7 -> 2180 | V7: =T7-$R7 -> -2394 | W7: 31220 | X7: 34594 | Y7: 27601 | Z7: =X7-$W7 -> 3374 | AA7: =Y7-$W7 -> -3619 | AB7: 31790 | AC7: 36534 | AD7: 26802 | AE7: =AC7-$AB7 -> 4744 | AF7: =AD7-$AB7 -> -4988 | AG7: 32360 | AH7: 38618 | AI7: 25859 | AJ7: =AH7-$AG7 -> 6258 | AK7: =AI7-$AG7 -> -6501 | AM7: =G7-B7 -> 1439 | AN7: =AM7/B7 -> 0.052390141 | AO7: =(G7/B7)^(1/($G$3-$B$3))-1 -> 0.0012462369 | AQ7: =AG7-G7 -> 3454 | AR7: =AQ7/G7 -> 0.11949076 | AS7: =(AG7/G7)^(1/($AG$3-$G$3))-1 -> 0.0038997881
A8: Franklin | B8: 869126 | C8: 965600 | D8: 1072018 | E8: 1166202 | F8: 1324013 | G8: 1321414 | H8: 1390127 | I8: 1409654 | J8: 1333445 | K8: =I8-H8 -> 19527 | L8: =J8-$H8 -> -56682 | M8: 1447090 | N8: 1506988 | O8: 1327469 | P8: =N8-$M8 -> 59898 | Q8: =O8-$M8 -> -119621 | R8: 1519844 | S8: 1617180 | T8: 1308636 | U8: =S8-$R8 -> 97336 | V8: =T8-$R8 -> -211208 | W8: 1574551 | X8: 1738045 | Y8: 1279131 | Z8: =X8-$W8 -> 163494 | AA8: =Y8-$W8 -> -295420 | AB8: 1620232 | AC8: 1868239 | AD8: 1240296 | AE8: =AC8-$AB8 -> 248007 | AF8: =AD8-$AB8 -> -379936 | AG8: 1665914 | AH8: 2006828 | AI8: 1193066 | AJ8: =AH8-$AG8 -> 340914 | AK8: =AI8-$AG8 -> -472848 | AM8: =G8-B8 -> 452288 | AN8: =AM8/B8 -> 0.52039405 | AO8: =(G8/B8)^(1/($G$3-$B$3))-1 -> 0.010271159 | AQ8: =AG8-G8 -> 344500 | AR8: =AQ8/G8 -> 0.26070558 | AS8: =(AG8/G8)^(1/($AG$3-$G$3))-1 -> 0.0080206686
A9: Hocking | B9: 24304 | C9: 25594 | D9: 28262 | E9: 29478 | F9: 27999 | G9: 28097 | H9: 27965 | I9: 28660 | J9: 27122 | K9: =I9-H9 -> 695 | L9: =J9-$H9 -> -843 | M9: 27762 | N9: 29751 | O9: 25535 | P9: =N9-$M9 -> 1989 | Q9: =O9-$M9 -> -2227 | R9: 27629 | S9: 31239 | T9: 23571 | U9: =S9-$R9 -> 3610 | V9: =T9-$R9 -> -4058 | W9: 27428 | X9: 33041 | Y9: 21295 | Z9: =X9-$W9 -> 5613 | AA9: =Y9-$W9 -> -6133 | AB9: 27190 | AC9: 35114 | AD9: 18747 | AE9: =AC9-$AB9 -> 7924 | AF9: =AD9-$AB9 -> -8443 | AG9: 26953 | AH9: 37429 | AI9: 15958 | AJ9: =AH9-$AG9 -> 10476 | AK9: =AI9-$AG9 -> -10995 | AM9: =G9-B9 -> 3793 | AN9: =AM9/B9 -> 0.15606485 | AO9: =(G9/B9)^(1/($G$3-$B$3))-1 -> 0.0035433816 | AQ9: =AG9-G9 -> -1144 | AR9: =AQ9/G9 -> -0.040716091 | AS9: =(AG9/G9)^(1/($AG$3-$G$3))-1 -> -0.0014323594
A10: Knox | B10: 46304 | C10: 47637 | D10: 54616 | E10: 61090 | F10: 62765 | G10: 62897 | H10: 64157 | I10: 65164 | J10: 61970 | K10: =I10-H10 -> 1007 | L10: =J10-$H10 -> -2187 | M10: 65339 | N10: 69227 | O10: 59572 | P10: =N10-$M10 -> 3888 | Q10: =O10-$M10 -> -5767 | R10: 67013 | S10: 74288 | T10: 56176 | U10: =S10-$R10 -> 7275 | V10: =T10-$R10 -> -10837 | W10: 68125 | X10: 80150 | Y10: 51978 | Z10: =X10-$W10 -> 12025 | AA10: =Y10-$W10 -> -16147 | AB10: 68957 | AC10: 86702 | AD10: 47091 | AE10: =AC10-$AB10 -> 17745 | AF10: =AD10-$AB10 -> -21866 | AG10: 69790 | AH10: 93868 | AI10: 41589 | AJ10: =AH10-$AG10 -> 24078 | AK10: =AI10-$AG10 -> -28201 | AM10: =G10-B10 -> 16593 | AN10: =AM10/B10 -> 0.35834917 | AO10: =(G10/B10)^(1/($G$3-$B$3))-1 -> 0.0074979729 | AQ10: =AG10-G10 -> 6893 | AR10: =AQ10/G10 -> 0.10959187 | AS10: =(AG10/G10)^(1/($AG$3-$G$3))-1 -> 0.0035923774
A11: Licking | B11: 120981 | C11: 129006 | D11: 146268 | E11: 166705 | F11: 178680 | G11: 180401 | H11: 190915 | I11: 189312 | J11: 176808 | K11: =I11-H11 -> -1603 | L11: =J11-$H11 -> -14107 | M11: 200710 | N11: 203164 | O11: 173324 | P11: =N11-$M11 -> 2454 | Q11: =O11-$M11 -> -27386 | R11: 216962 | S11: 219200 | T11: 167658 | U11: =S11-$R11 -> 2238 | V11: =T11-$R11 -> -49304 | W11: 225833 | X11: 237045 | Y11: 160181 | Z11: =X11-$W11 -> 11212 | AA11: =Y11-$W11 -> -65652 | AB11: 231017 | AC11: 256471 | AD11: 151123 | AE11: =AC11-$AB11 -> 25454 | AF11: =AD11-$AB11 -> -79894 | AG11: 236202 | AH11: 277319 | AI11: 140644 | AJ11: =AH11-$AG11 -> 41117 | AK11: =AI11-$AG11 -> -95558 | AM11: =G11-B11 -> 59420 | AN11: =AM11/B11 -> 0.4911515 | AO11: =(G11/B11)^(1/($G$3-$B$3))-1 -> 0.0097927268 | AQ11: =AG11-G11 -> 55801 | AR11: =AQ11/G11 -> 0.30931647 | AS11: =(AG11/G11)^(1/($AG$3-$G$3))-1 -> 0.0093366001
A12: Logan | B12: 39155 | C12: 42417 | D12: 45984 | E12: 45743 | F12: 46065 | G12: 46035 | H12: 46095 | I12: 47290 | J12: 44871 | K12: =I12-H12 -> 1195 | L12: =J12-$H12 -> -1224 | M12: 46407 | N12: 49351 | O12: 43377 | P12: =N12-$M12 -> 2944 | Q12: =O12-$M12 -> -3030 | R12: 46763 | S12: 51833 | T12: 41448 | U12: =S12-$R12 -> 5070 | V12: =T12-$R12 -> -5315 | W12: 47058 | X12: 54679 | Y12: 39156 | Z12: =X12-$W12 -> 7621 | AA12: =Y12-$W12 -> -7902 | AB12: 47335 | AC12: 57844 | AD12: 36544 | AE12: =AC12-$AB12 -> 10509 | AF12: =AD12-$AB12 -> -10791 | AG12: 47611 | AH12: 61297 | AI12: 33644 | AJ12: =AH12-$AG12 -> 13686 | AK12: =AI12-$AG12 -> -13967 | AM12: =G12-B12 -> 6880 | AN12: =AM12/B12 -> 0.17571191 | AO12: =(G12/B12)^(1/($G$3-$B$3))-1 -> 0.0039559468 | AQ12: =AG12-G12 -> 1576 | AR12: =AQ12/G12 -> 0.034234821 | AS12: =(AG12/G12)^(1/($AG$3-$G$3))-1 -> 0.0011614274
A13: Madison | B13: 33004 | C13: 37111 | D13: 40218 | E13: 43434 | F13: 43823 | G13: 44386 | H13: 46487 | I13: 49508 | J13: 42918 | K13: =I13-H13 -> 3021 | L13: =J13-$H13 -> -3569 | M13: 48833 | N13: 58168 | O13: 38616 | P13: =N13-$M13 -> 9335 | Q13: =O13-$M13 -> -10217 | R13: 51412 | S13: 68798 | T13: 32345 | U13: =S13-$R13 -> 17386 | V13: =T13-$R13 -> -19067 | W13: 53726 | X13: 81014 | Y13: 24486 | Z13: =X13-$W13 -> 27288 | AA13: =Y13-$W13 -> -29240 | AB13: 55905 | AC13: 94597 | AD13: 15261 | AE13: =AC13-$AB13 -> 38692 | AF13: =AD13-$AB13 -> -40644 | AG13: 58084 | AH13: 109400 | AI13: 4816 | AJ13: =AH13-$AG13 -> 51316 | AK13: =AI13-$AG13 -> -53268 | AM13: =G13-B13 -> 11382 | AN13: =AM13/B13 -> 0.34486729 | AO13: =(G13/B13)^(1/($G$3-$B$3))-1 -> 0.0072528913 | AQ13: =AG13-G13 -> 13698 | AR13: =AQ13/G13 -> 0.30861082 | AS13: =(AG13/G13)^(1/($AG$3-$G$3))-1 -> 0.0093178375
A14: Marion | B14: 67974 | C14: 64289 | D14: 66135 | E14: 66458 | F14: 65363 | G14: 65291 | H14: 65314 | I14: 66329 | J14: 63731 | K14: =I14-H14 -> 1015 | L14: =J14-$H14 -> -1583 | M14: 65160 | N14: 66651 | O14: 62754 | P14: =N14-$M14 -> 1491 | Q14: =O14-$M14 -> -2406 | R14: 65246 | S14: 66806 | T14: 61945 | U14: =S14-$R14 -> 1560 | V14: =T14-$R14 -> -3301 | W14: 65059 | X14: 66879 | Y14: 61217 | Z14: =X14-$W14 -> 1820 | AA14: =Y14-$W14 -> -3842 | AB14: 64732 | AC14: 66903 | AD14: 60539 | AE14: =AC14-$AB14 -> 2171 | AF14: =AD14-$AB14 -> -4193 | AG14: 64405 | AH14: 66892 | AI14: 59896 | AJ14: =AH14-$AG14 -> 2487 | AK14: =AI14-$AG14 -> -4509 | AM14: =G14-B14 -> -2683 | AN14: =AM14/B14 -> -0.039470974 | AO14: =(G14/B14)^(1/($G$3-$B$3))-1 -> -0.00098173919 | AQ14: =AG14-G14 -> -886 | AR14: =AQ14/G14 -> -0.013570017 | AS14: =(AG14/G14)^(1/($AG$3-$G$3))-1 -> -0.0004710246
A15: Morrow | B15: 26480 | C15: 27784 | D15: 31813 | E15: 34790 | F15: 34964 | G15: 35151 | H15: 36425 | I15: 37323 | J15: 34476 | K15: =I15-H15 -> 898 | L15: =J15-$H15 -> -1949 | M15: 37666 | N15: 41222 | O15: 32447 | P15: =N15-$M15 -> 3556 | Q15: =O15-$M15 -> -5219 | R15: 39338 | S15: 46050 | T15: 29489 | U15: =S15-$R15 -> 6712 | V15: =T15-$R15 -> -9849 | W15: 40519 | X15: 51621 | Y15: 25788 | Z15: =X15-$W15 -> 11102 | AA15: =Y15-$W15 -> -14731 | AB15: 41454 | AC15: 57832 | AD15: 21447 | AE15: =AC15-$AB15 -> 16378 | AF15: =AD15-$AB15 -> -20007 | AG15: 42389 | AH15: 64613 | AI15: 16536 | AJ15: =AH15-$AG15 -> 22224 | AK15: =AI15-$AG15 -> -25853 | AM15: =G15-B15 -> 8671 | AN15: =AM15/B15 -> 0.32745468 | AO15: =(G15/B15)^(1/($G$3-$B$3))-1 -> 0.0069327831 | AQ15: =AG15-G15 -> 7238 | AR15: =AQ15/G15 -> 0.20591164 | AS15: =(AG15/G15)^(1/($AG$3-$G$3))-1 -> 0.0064772954
A16: Perry | B16: 31032 | C16: 31596 | D16: 34099 | E16: 36037 | F16: 35439 | G16: 35460 | H16: 36859 | I16: 38560 | J16: 34761 | K16: =I16-H16 -> 1701 | L16: =J16-$H16 -> -2098 | M16: 37415 | N16: 41469 | O16: 32732 | P16: =N16-$M16 -> 4054 | Q16: =O16-$M16 -> -4683 | R16: 38131 | S16: 44979 | T16: 30102 | U16: =S16-$R16 -> 6848 | V16: =T16-$R16 -> -8029 | W16: 38662 | X16: 48989 | Y16: 26972 | Z16: =X16-$W16 -> 10327 | AA16: =Y16-$W16 -> -11690 | AB16: 39102 | AC16: 53437 | AD16: 23404 | AE16: =AC16-$AB16 -> 14335 | AF16: =AD16-$AB16 -> -15698 | AG16: 39542 | AH16: 58278 | AI16: 19442 | AJ16: =AH16-$AG16 -> 18736 | AK16: =AI16-$AG16 -> -20100 | AM16: =G16-B16 -> 4428 | AN16: =AM16/B16 -> 0.14269142 | AO16: =(G16/B16)^(1/($G$3-$B$3))-1 -> 0.0032586239 | AQ16: =AG16-G16 -> 4082 | AR16: =AQ16/G16 -> 0.11511562 | AS16: =(AG16/G16)^(1/($AG$3-$G$3))-1 -> 0.0037642428
A17: Pickaway | B17: 43662 | C17: 48257 | D17: 52808 | E17: 55740 | F17: 58628 | G17: 59333 | H17: 62355 | I17: 66029 | J17: 58005 | K17: =I17-H17 -> 3674 | L17: =J17-$H17 -> -4350 | M17: 65891 | N17: 77450 | O17: 53249 | P17: =N17-$M17 -> 11559 | Q17: =O17-$M17 -> -12642 | R17: 69716 | S17: 91360 | T17: 46004 | U17: =S17-$R17 -> 21644 | V17: =T17-$R17 -> -23712 | W17: 73212 | X17: 107272 | Y17: 36758 | Z17: =X17-$W17 -> 34060 | AA17: =Y17-$W17 -> -36454 | AB17: 76545 | AC17: 124906 | AD17: 25789 | AE17: =AC17-$AB17 -> 48361 | AF17: =AD17-$AB17 -> -50756 | AG17: 79877 | AH17: 144076 | AI17: 13285 | AJ17: =AH17-$AG17 -> 64199 | AK17: =AI17-$AG17 -> -66592 | AM17: =G17-B17 -> 15671 | AN17: =AM17/B17 -> 0.35891622 | AO17: =(G17/B17)^(1/($G$3-$B$3))-1 -> 0.007508229 | AQ17: =AG17-G17 -> 20544 | AR17: =AQ17/G17 -> 0.34624914 | AS17: =(AG17/G17)^(1/($AG$3-$G$3))-1 -> 0.01030523
... A19: Union | B19: 29536 | C19: 32010 | D19: 41338 | E19: 52464 | F19: 63077 | G19: 64971 | H19: 66408 | I19: 69664 | J19: 62368 | K19: =I19-H19 -> 3256 | L19: =J19-$H19 -> -4040 | M19: 72505 | N19: 80350 | O19: 63404 | P19: =N19-$M19 -> 7845 | Q19: =O19-$M19 -> -9101 | R19: 78933 | S19: 92220 | T19: 63255 | U19: =S19-$R19 -> 13287 | V19: =T19-$R19 -> -15678 | W19: 84983 | X19: 105075 | Y19: 62122 | Z19: =X19-$W19 -> 20092 | AA19: =Y19-$W19 -> -22861 | AB19: 90844 | AC19: 118792 | AD19: 60127 | AE19: =AC19-$AB19 -> 27948 | AF19: =AD19-$AB19 -> -30717 | AG19: 96705 | AH19: 133284 | AI19: 57356 | AJ19: =AH19-$AG19 -> 36579 | AK19: =AI19-$AG19 -> -39349 | AM19: =G19-B19 -> 35435 | AN19: =AM19/B19 -> 1.1997224 | AO19: =(G19/B19)^(1/($G$3-$B$3))-1 -> 0.01941363 | AQ19: =AG19-G19 -> 31734 | AR19: =AQ19/G19 -> 0.4884333 | AS19: =(AG19/G19)^(1/($AG$3-$G$3))-1 -> 0.013809101
A20: Total | B20: =SUM(B5:B19) -> 1571547 | C20: =SUM(C5:C19) -> 1719508 | D20: =SUM(D5:D19) -> 1950805 | E20: =SUM(E5:E19) -> 2186769 | F20: =SUM(F5:F19) -> 2421159 | G20: =SUM(G5:G19) -> 2431037 | H20: =SUM(H5:H19) -> 2555315 | I20: =SUM(I5:I19) -> 2597188 | J20: =SUM(J5:J19) -> 2445231 | K20: =I20-H20 -> 41873 | L20: =J20-$H20 -> -110084 | M20: =SUM(M5:M19) -> 2676926 | N20: =SUM(N5:N19) -> 2816613 | O20: =SUM(O5:O19) -> 2428110 | P20: =N20-$M20 -> 139687 | Q20: =O20-$M20 -> -248816 | R20: =SUM(R5:R19) -> 2827180 | S20: =SUM(S5:S19) -> 3068141 | T20: =SUM(T5:T19) -> 2378893 | U20: =S20-$R20 -> 240961 | V20: =T20-$R20 -> -448287 | W20: =SUM(W5:W19) -> 2944699 | X20: =SUM(X5:X19) -> 3345949 | Y20: =SUM(Y5:Y19) -> 2303397 | Z20: =X20-$W20 -> 401250 | AA20: =Y20-$W20 -> -641302 | AB20: =SUM(AB5:AB19) -> 3045854 | AC20: =SUM(AC5:AC19) -> 3646586 | AD20: =SUM(AD5:AD19) -> 2205068 | AE20: =AC20-$AB20 -> 600732 | AF20: =AD20-$AB20 -> -840786 | AG20: =SUM(AG5:AG19) -> 3147011 | AH20: =SUM(AH5:AH19) -> 3967683 | AI20: =SUM(AI5:AI19) -> 2086279 | AJ20: =AH20-$AG20 -> 820672 | AK20: =AI20-$AG20 -> -1060732 | AM20: =G20-B20 -> 859490 | AN20: =AM20/B20 -> 0.54690696 | AO20: =(G20/B20)^(1/($G$3-$B$3))-1 -> 0.010697236 | AQ20: =AG20-G20 -> 715974 | AR20: =AQ20/G20 -> 0.29451382 | AS20: =(AG20/G20)^(1/($AG$3-$G$3))-1 -> 0.0089409473
A22: 1 | B22: Historic population estimates are sourced from the Census Population Estimates Program
A23: 2 | B23: Forecasts are derived from historic patterns and major expected economic developments.
A24: 3 | B24: The confidence limits represent the highest and lowest expected population based exclusively on historic patterns. Unprecedented circumstances may cause the forecasted population to exceed these limits.
A25: 4 | B25: The confidence intervals represent the difference between the forecast and the upper confidence limit and the forecast and the lower confidence limit.
A26: 5 | B26: CAGR, or Compound Annual Growth Rate, calculated as (value at end of period / value at beginning of period) ^ (1/ number of years in period) - 1
B28: Updated January 9, 2023

Sheet Population Charts

Sheet Population by Age
C1: County Growth Projections Population by Age
A2: Population by Age Under 18
B3: Estimate | C3: Projections | K3: Share of Total Population
A4: COUNTY | B4: 2020 | C4: 2025 | D4: 2030 | E4: 2035 | F4: 2040 | G4: 2045 | H4: 2050 | K4: 2020 | L4: 2025 | M4: 2030 | N4: 2035 | O4: 2040 | P4: 2045 | Q4: 2050
A5: Delaware | B5: 53873 | C5: 57994 | D5: 62696 | E5: 68656 | F5: 74833 | G5: 80560 | H5: 85900 | K5: =B5/(B5+B25+B45) -> 0.25049986 | L5: =C5/(C5+C25+C45) -> 0.23477831 | M5: =D5/(D5+D25+D45) -> 0.22594456 | N5: =E5/(E5+E25+E45) -> 0.22085613 | O5: =F5/(F5+F25+F45) -> 0.21950504 | P5: =G5/(G5+G25+G45) -> 0.2181383 | Q5: =H5/(H5+H25+H45) -> 0.21599358
A6: Fairfield | B6: 37515 | C6: 39948 | D6: 42517 | E6: 45382 | F6: 47721 | G6: 49781 | H6: 51782 | K6: =B6/(B6+B26+B46) -> 0.23541482 | L6: =C6/(C6+C26+C46) -> 0.23612301 | M6: =D6/(D6+D26+D46) -> 0.23825855 | N6: =E6/(E6+E26+E46) -> 0.2403453 | O6: =F6/(F6+F26+F46) -> 0.24110283 | P6: =G6/(G6+G26+G46) -> 0.24118234 | Q6: =H6/(H6+H26+H46) -> 0.24098101
A7: Fayette | B7: 6614 | C7: 6617 | D7: 6510 | E7: 6617 | F7: 6856 | G7: 7091 | H7: 7290 | K7: =B7/(B7+B27+B47) -> 0.22854971 | L7: =C7/(C7+C27+C47) -> 0.22492267 | M7: =D7/(D7+D27+D47) -> 0.21692046 | N7: =E7/(E7+E27+E47) -> 0.21600183 | O7: =F7/(F7+F27+F47) -> 0.21960282 | P7: =G7/(G7+G27+G47) -> 0.22305757 | Q7: =H7/(H7+H27+H47) -> 0.22527812
A8: Franklin | B8: 309822 | C8: 324853 | D8: 336050 | E8: 348291 | F8: 359622 | G8: 366527 | H8: 375575 | K8: =B8/(B8+B28+B48) -> 0.23400223 | L8: =C8/(C8+C28+C48) -> 0.23368584 | M8: =D8/(D8+D28+D48) -> 0.23222467 | N8: =E8/(E8+E28+E48) -> 0.22916234 | O8: =F8/(F8+F28+F48) -> 0.22839654 | P8: =G8/(G8+G28+G48) -> 0.22621884 | Q8: =H8/(H8+H28+H48) -> 0.22544681
A9: Hocking | B9: 5996 | C9: 5896 | D9: 5871 | E9: 5798 | F9: 5758 | G9: 5674 | H9: 5611 | K9: =B9/(B9+B29+B49) -> 0.21415051 | L9: =C9/(C9+C29+C49) -> 0.21083497 | M9: =D9/(D9+D29+D49) -> 0.21147612 | N9: =E9/(E9+E29+E49) -> 0.20985197 | O9: =F9/(F9+F29+F49) -> 0.20993146 | P9: =G9/(G9+G29+G49) -> 0.20867966 | Q9: =H9/(H9+H29+H49) -> 0.2081772
A10: Knox | B10: 14942 | C10: 15282 | D10: 15553 | E10: 16138 | F10: 16567 | G10: 16856 | H10: 17132 | K10: =B10/(B10+B30+B50) -> 0.23806261 | L10: =C10/(C10+C30+C50) -> 0.23819692 | M10: =D10/(D10+D30+D50) -> 0.23803548 | N10: =E10/(E10+E30+E50) -> 0.24081895 | O10: =F10/(F10+F30+F50) -> 0.24318532 | P10: =G10/(G10+G30+G50) -> 0.24444219 | Q10: =H10/(H10+H30+H50) -> 0.2454793
A11: Licking | B11: 41136 | C11: 43793 | D11: 45865 | E11: 49473 | F11: 51486 | G11: 52211 | H11: 52940 | K11: =B11/(B11+B31+B51) -> 0.23022163 | L11: =C11/(C11+C31+C51) -> 0.2293848 | M11: =D11/(D11+D31+D51) -> 0.22851378 | N11: =E11/(E11+E31+E51) -> 0.22802611 | O11: =F11/(F11+F31+F51) -> 0.22798262 | P11: =G11/(G11+G31+G51) -> 0.22600501 | Q11: =H11/(H11+H31+H51) -> 0.22413019
A12: Logan | B12: 10341 | C12: 10139 | D12: 10008 | E12: 10026 | F12: 10017 | G12: 9940 | H12: 9832 | K12: =B12/(B12+B32+B52) -> 0.22448714 | L12: =C12/(C12+C32+C52) -> 0.21995878 | M12: =D12/(D12+D32+D52) -> 0.21565712 | N12: =E12/(E12+E32+E52) -> 0.21440027 | O12: =F12/(F12+F32+F52) -> 0.21286498 | P12: =G12/(G12+G32+G52) -> 0.20999261 | Q12: =H12/(H12+H32+H52) -> 0.2065069
A13: Madison | B13: 8858 | C13: 8999 | D13: 9104 | E13: 9399 | F13: 9511 | G13: 9886 | H13: 10300 | K13: =B13/(B13+B33+B53) -> 0.2021313 | L13: =C13/(C13+C33+C53) -> 0.193581 | M13: =D13/(D13+D33+D53) -> 0.18643131 | N13: =E13/(E13+E33+E53) -> 0.18281724 | O13: =F13/(F13+F33+F53) -> 0.17702788 | P13: =G13/(G13+G33+G53) -> 0.1768357 | Q13: =H13/(H13+H33+H53) -> 0.17732939
A14: Marion | B14: 13771 | C14: 13780 | D14: 13631 | E14: 13169 | F14: 12846 | G14: 12951 | H14: 13179 | K14: =B14/(B14+B34+B54) -> 0.21068494 | L14: =C14/(C14+C34+C54) -> 0.2109808 | M14: =D14/(D14+D34+D54) -> 0.20919276 | N14: =E14/(E14+E34+E54) -> 0.20183613 | O14: =F14/(F14+F34+F54) -> 0.19745154 | P14: =G14/(G14+G34+G54) -> 0.20007106 | Q14: =H14/(H14+H34+H54) -> 0.20462697
A15: Morrow | B15: 7666 | C15: 7443 | D15: 7509 | E15: 7845 | F15: 7991 | G15: 8011 | H15: 7952 | K15: =B15/(B15+B35+B55) -> 0.21925409 | L15: =C15/(C15+C35+C55) -> 0.20433768 | M15: =D15/(D15+D35+D55) -> 0.19935751 | N15: =E15/(E15+E35+E55) -> 0.19942549 | O15: =F15/(F15+F35+F55) -> 0.19721612 | P15: =G15/(G15+G35+G55) -> 0.19325035 | Q15: =H15/(H15+H35+H55) -> 0.18759584
A16: Perry | B16: 8095 | C16: 8339 | D16: 8346 | E16: 8415 | F16: 8520 | G16: 8595 | H16: 8700 | K16: =B16/(B16+B36+B56) -> 0.22842067 | L16: =C16/(C16+C36+C56) -> 0.22624054 | M16: =D16/(D16+D36+D56) -> 0.22306562 | N16: =E16/(E16+E36+E56) -> 0.22068658 | O16: =F16/(F16+F36+F56) -> 0.22037142 | P16: =G16/(G16+G36+G56) -> 0.21980973 | Q16: =H16/(H16+H36+H56) -> 0.22001922
... A19: Union | B19: 15142 | C19: 16083 | D19: 17995 | E19: 19992 | F19: 21635 | G19: 22646 | H19: 23535 | K19: =B19/(B19+B39+B59) -> 0.2400558 | L19: =C19/(C19+C39+C59) -> 0.24218468 | M19: =D19/(D19+D39+D59) -> 0.24818978 | N19: =E19/(E19+E39+E59) -> 0.2532781 | O19: =F19/(F19+F39+F59) -> 0.25458033 | P19: =G19/(G19+G39+G59) -> 0.24928449 | Q19: =H19/(H19+H39+H59) -> 0.24336901
A20: Total | B20: =SUM(B5:B19) -> 562305 | C20: =SUM(C5:C19) -> 587627 | D20: =SUM(D5:D19) -> 610020 | E20: =SUM(E5:E19) -> 637790 | F20: =SUM(F5:F19) -> 661930 | G20: =SUM(G5:G19) -> 679917 | H20: =SUM(H5:H19) -> 699676 | K20: =B20/(B20+B40+B60) -> 0.23224621 | L20: =C20/(C20+C40+C60) -> 0.22996265 | M20: =D20/(D20+D40+D60) -> 0.22788079 | N20: =E20/(E20+E40+E60) -> 0.22559229 | O20: =F20/(F20+F40+F60) -> 0.22478698 | P20: =G20/(G20+G40+G60) -> 0.22322705 | Q20: =H20/(H20+H40+H60) -> 0.22233033
A22: Population by Age 18 - 64
B23: Estimate | C23: Projections | K23: Share of Total Population
A24: COUNTY | B24: 2020 | C24: 2025 | D24: 2030 | E24: 2035 | F24: 2040 | G24: 2045 | H24: 2050 | K24: 2020 | L24: 2025 | M24: 2030 | N24: 2035 | O24: 2040 | P24: 2045 | Q24: 2050
A25: Delaware | B25: 129537 | C25: 147623 | D25: 162958 | E25: 179944 | F25: 195085 | G25: 210691 | H25: 226432 | K25: =B25/(B5+B25+B45) -> 0.60232398 | L25: =C25/(C5+C25+C45) -> 0.59762526 | M25: =D25/(D5+D25+D45) -> 0.5872699 | N25: =E25/(E5+E25+E45) -> 0.57885306 | O25: =F25/(F5+F25+F45) -> 0.57223606 | P25: =G25/(G5+G25+G45) -> 0.57050367 | Q25: =H25/(H5+H25+H45) -> 0.56935808
A26: Fairfield | B26: 95575 | C26: 99312 | D26: 102543 | E26: 108078 | F26: 114186 | G26: 120539 | H26: 126510 | K26: =B26/(B6+B26+B46) -> 0.59975401 | L26: =C26/(C6+C26+C46) -> 0.58700933 | M26: =D26/(D6+D26+D46) -> 0.57463477 | N26: =E26/(E6+E26+E46) -> 0.5723864 | O26: =F26/(F6+F26+F46) -> 0.57690675 | P26: =G26/(G6+G26+G46) -> 0.58399547 | Q26: =H26/(H6+H26+H46) -> 0.58874721
A27: Fayette | B27: 16976 | C27: 16999 | D27: 17272 | E27: 17603 | F27: 17905 | G27: 18289 | H27: 18699 | K27: =B27/(B7+B27+B47) -> 0.58661322 | L27: =C27/(C7+C27+C47) -> 0.57782386 | M27: =D27/(D7+D27+D47) -> 0.57552231 | N27: =E27/(E7+E27+E47) -> 0.57462297 | O27: =F27/(F7+F27+F47) -> 0.57351057 | P27: =G27/(G7+G27+G47) -> 0.5753067 | Q27: =H27/(H7+H27+H47) -> 0.57784302
A28: Franklin | B28: 846386 | C28: 871039 | D28: 897086 | E28: 945272 | F28: 985153 | G28: 1022277 | H28: 1051047 | K28: =B28/(B8+B28+B48) -> 0.63925807 | L28: =C28/(C8+C28+C48) -> 0.62658951 | M28: =D28/(D8+D28+D48) -> 0.61992412 | N28: =E28/(E8+E28+E48) -> 0.62195331 | O28: =F28/(F8+F28+F48) -> 0.62567233 | P28: =G28/(G8+G28+G48) -> 0.63094483 | Q28: =H28/(H8+H28+H48) -> 0.63091312
A29: Hocking | B29: 16420 | C29: 15903 | D29: 15291 | E29: 15073 | F29: 14936 | G29: 14975 | H29: 15040 | K29: =B29/(B9+B29+B49) -> 0.58644952 | L29: =C29/(C9+C29+C49) -> 0.56867513 | M29: =D29/(D9+D29+D49) -> 0.55078885 | N29: =E29/(E9+E29+E49) -> 0.54554997 | O29: =F29/(F9+F29+F49) -> 0.54455301 | P29: =G29/(G9+G29+G49) -> 0.55075395 | Q29: =H29/(H9+H29+H49) -> 0.55800838
A30: Knox | B30: 35971 | C30: 35389 | D30: 35251 | E30: 35892 | F30: 36799 | G30: 37802 | H30: 38702 | K30: =B30/(B10+B30+B50) -> 0.57310603 | L30: =C30/(C10+C30+C50) -> 0.55159998 | M30: =D30/(D10+D30+D50) -> 0.53950933 | N30: =E30/(E10+E30+E50) -> 0.53559757 | O30: =F30/(F10+F30+F50) -> 0.54016881 | P30: =G30/(G10+G30+G50) -> 0.5481967 | Q30: =H30/(H10+H30+H50) -> 0.55454936
A31: Licking | B31: 106797 | C31: 111273 | D31: 114735 | E31: 123803 | F31: 130275 | G31: 135753 | H31: 140179 | K31: =B31/(B11+B31+B51) -> 0.5976998 | L31: =C31/(C11+C31+C51) -> 0.58284053 | M31: =D31/(D11+D31+D51) -> 0.57164566 | N31: =E31/(E11+E31+E51) -> 0.57062066 | O31: =F31/(F11+F31+F51) -> 0.57686432 | P31: =G31/(G11+G31+G51) -> 0.58763208 | Q31: =H31/(H11+H31+H51) -> 0.59347084
A32: Logan | B32: 26898 | C32: 26159 | D32: 25765 | E32: 25825 | F32: 26082 | G32: 26530 | H32: 27062 | K32: =B32/(B12+B32+B52) -> 0.58391403 | L32: =C32/(C12+C32+C52) -> 0.5675019 | M32: =D32/(D12+D32+D52) -> 0.55519641 | N32: =E32/(E12+E32+E52) -> 0.55225285 | O32: =F32/(F12+F32+F52) -> 0.5542522 | P32: =G32/(G12+G32+G52) -> 0.56047322 | Q32: =H32/(H12+H32+H52) -> 0.56839806
A33: Madison | B33: 27804 | C33: 28927 | D33: 29783 | E33: 31056 | F33: 32561 | G33: 34078 | H33: 35517 | K33: =B33/(B13+B33+B53) -> 0.63446136 | L33: =C33/(C13+C33+C53) -> 0.62225999 | M33: =D33/(D13+D33+D53) -> 0.60989495 | N33: =E33/(E13+E33+E53) -> 0.60406131 | O33: =F33/(F13+F33+F53) -> 0.60605666 | P33: =G33/(G13+G33+G53) -> 0.60956981 | Q33: =H33/(H13+H33+H53) -> 0.61147648
A34: Marion | B34: 39419 | C34: 38144 | D34: 37481 | E34: 38061 | F34: 38725 | G34: 39032 | H34: 39029 | K34: =B34/(B14+B34+B54) -> 0.60307819 | L34: =C34/(C14+C34+C54) -> 0.58400955 | M34: =D34/(D14+D34+D54) -> 0.57521486 | N34: =E34/(E14+E34+E54) -> 0.58334611 | O34: =F34/(F14+F34+F54) -> 0.59522895 | P34: =G34/(G14+G34+G54) -> 0.60297843 | Q34: =H34/(H14+H34+H54) -> 0.60599332
A35: Morrow | B35: 20820 | C35: 21202 | D35: 21385 | E35: 21937 | F35: 22481 | G35: 23148 | H35: 23961 | K35: =B35/(B15+B35+B55) -> 0.59546963 | L35: =C35/(C15+C35+C55) -> 0.58207275 | M35: =D35/(D15+D35+D55) -> 0.56775341 | N35: =E35/(E15+E35+E55) -> 0.55765418 | O35: =F35/(F15+F35+F55) -> 0.55482613 | P35: =G35/(G15+G35+G55) -> 0.55840208 | Q35: =H35/(H15+H35+H55) -> 0.56526457
A36: Perry | B36: 21118 | C36: 21180 | D36: 21008 | E36: 21171 | F36: 21557 | G36: 21997 | H36: 22374 | K36: =B36/(B16+B36+B56) -> 0.59589718 | L36: =C36/(C16+C36+C56) -> 0.57462221 | M36: =D36/(D16+D36+D56) -> 0.56148604 | N36: =E36/(E16+E36+E56) -> 0.55521754 | O36: =F36/(F16+F36+F56) -> 0.55757591 | P36: =G36/(G16+G36+G56) -> 0.56255435 | Q36: =H36/(H16+H36+H56) -> 0.56582874
... A39: Union | B39: 39626 | C39: 40694 | D39: 43147 | E39: 46320 | F39: 49981 | G39: 54246 | H39: 58482 | K39: =B39/(B19+B39+B59) -> 0.62821631 | L39: =C39/(C19+C39+C59) -> 0.61278762 | M39: =D39/(D19+D39+D59) -> 0.59508999 | N39: =E39/(E19+E39+E59) -> 0.5868268 | O39: =F39/(F19+F39+F59) -> 0.58812939 | P39: =G39/(G19+G39+G59) -> 0.59713355 | Q39: =H39/(H19+H39+H59) -> 0.60474639
A40: Total | B40: =SUM(B25:B39) -> 1507157 | C40: =SUM(C25:C39) -> 1557967 | D40: =SUM(D25:D39) -> 1608625 | E40: =SUM(E25:E39) -> 1696702 | F40: =SUM(F25:F39) -> 1774942 | G40: =SUM(G25:G39) -> 1850655 | H40: =SUM(H25:H39) -> 1916531 | K40: =B40/(B20+B40+B60) -> 0.62249402 | L40: =C40/(C20+C40+C60) -> 0.60969665 | M40: =D40/(D20+D40+D60) -> 0.60092248 | N40: =E40/(E20+E40+E60) -> 0.60013936 | O40: =F40/(F20+F40+F60) -> 0.60275838 | P40: =G40/(G20+G40+G60) -> 0.60759807 | Q40: =H40/(H20+H40+H60) -> 0.60900041
A42: Population by Age 65 and older
B43: Estimate | C43: Projections | K43: Share of Total Population
A44: COUNTY | B44: 2020 | C44: 2025 | D44: 2030 | E44: 2035 | F44: 2040 | G44: 2045 | H44: 2050 | K44: 2020 | L44: 2025 | M44: 2030 | N44: 2035 | O44: 2040 | P44: 2045 | Q44: 2050
A45: Delaware | B45: 31652 | C45: 41399 | D45: 51830 | E45: 62263 | F45: 70999 | G45: 78056 | H45: 85365 | K45: =B45/(B45+B25+B5) -> 0.14717616 | L45: =C45/(C45+C25+C5) -> 0.16759643 | M45: =D45/(D45+D25+D5) -> 0.18678554 | N45: =E45/(E45+E25+E5) -> 0.2002908 | O45: =F45/(F45+F25+F5) -> 0.2082589 | P45: =G45/(G45+G25+G5) -> 0.21135803 | Q45: =H45/(H45+H25+H5) -> 0.21464834
A46: Fairfield | B46: 26267 | C46: 29923 | D46: 33389 | E46: 35360 | F46: 36021 | G46: 36084 | H46: 36588 | K46: =B46/(B46+B26+B6) -> 0.16483117 | L46: =C46/(C46+C26+C6) -> 0.17686765 | M46: =D46/(D46+D26+D6) -> 0.18710668 | N46: =E46/(E46+E26+E6) -> 0.1872683 | O46: =F46/(F46+F26+F6) -> 0.18199042 | P46: =G46/(G46+G26+G6) -> 0.17482219 | Q46: =H46/(H46+H26+H6) -> 0.17027178
A47: Fayette | B47: 5349 | C47: 5803 | D47: 6229 | E47: 6414 | F47: 6459 | G47: 6410 | H47: 6371 | K47: =B47/(B47+B27+B7) -> 0.18483707 | L47: =C47/(C47+C27+C7) -> 0.19725348 | M47: =D47/(D47+D27+D7) -> 0.20755723 | N47: =E47/(E47+E27+E7) -> 0.2093752 | O47: =F47/(F47+F27+F7) -> 0.20688661 | P47: =G47/(G47+G27+G7) -> 0.20163573 | Q47: =H47/(H47+H27+H7) -> 0.19687886
A48: Franklin | B48: 167805 | C48: 194235 | D48: 213954 | E48: 226281 | F48: 229776 | G48: 231428 | H48: 239292 | K48: =B48/(B48+B28+B8) -> 0.12673969 | L48: =C48/(C48+C28+C8) -> 0.13972464 | M48: =D48/(D48+D28+D8) -> 0.1478512 | N48: =E48/(E48+E28+E8) -> 0.14888436 | O48: =F48/(F48+F28+F8) -> 0.14593113 | P48: =G48/(G48+G28+G8) -> 0.14283633 | Q48: =H48/(H48+H28+H8) -> 0.14364007
A49: Hocking | B49: 5583 | C49: 6166 | D49: 6600 | E49: 6758 | F49: 6734 | G49: 6541 | H49: 6302 | K49: =B49/(B49+B29+B9) -> 0.19939998 | L49: =C49/(C49+C29+C9) -> 0.2204899 | M49: =D49/(D49+D29+D9) -> 0.23773503 | N49: =E49/(E49+E29+E9) -> 0.24459807 | O49: =F49/(F49+F29+F9) -> 0.24551553 | P49: =G49/(G49+G29+G9) -> 0.24056638 | Q49: =H49/(H49+H29+H9) -> 0.23381442
A50: Knox | B50: 11852 | C50: 13486 | D50: 14535 | E50: 14983 | F50: 14759 | G50: 14299 | H50: 13956 | K50: =B50/(B50+B30+B10) -> 0.18883136 | L50: =C50/(C50+C30+C10) -> 0.2102031 | M50: =D50/(D50+D30+D10) -> 0.2224552 | N50: =E50/(E50+E30+E10) -> 0.22358348 | O50: =F50/(F50+F30+F10) -> 0.21664587 | P50: =G50/(G50+G30+G10) -> 0.20736111 | Q50: =H50/(H50+H30+H10) -> 0.19997134
A51: Licking | B51: 30747 | C51: 35849 | D51: 40110 | E51: 43686 | F51: 44072 | G51: 43053 | H51: 43083 | K51: =B51/(B51+B31+B11) -> 0.17207858 | L51: =C51/(C51+C31+C11) -> 0.18777466 | M51: =D51/(D51+D31+D11) -> 0.19984057 | N51: =E51/(E51+E31+E11) -> 0.20135323 | O51: =F51/(F51+F31+F11) -> 0.19515306 | P51: =G51/(G51+G31+G11) -> 0.18636291 | Q51: =H51/(H51+H31+H11) -> 0.18239896
A52: Logan | B52: 8826 | C52: 9797 | D52: 10634 | E52: 10912 | F52: 10959 | G52: 10865 | H52: 10717 | K52: =B52/(B52+B32+B12) -> 0.19159883 | L52: =C52/(C52+C32+C12) -> 0.21253932 | M52: =D52/(D52+D32+D12) -> 0.22914646 | N52: =E52/(E52+E32+E12) -> 0.23334688 | O52: =F52/(F52+F32+F12) -> 0.23288283 | P52: =G52/(G52+G32+G12) -> 0.22953417 | Q52: =H52/(H52+H32+H12) -> 0.22509504
A53: Madison | B53: 7161 | C53: 8561 | D53: 9946 | E53: 10957 | F53: 11654 | G53: 11941 | H53: 12267 | K53: =B53/(B53+B33+B13) -> 0.16340734 | L53: =C53/(C53+C33+C13) -> 0.18415901 | M53: =D53/(D53+D33+D13) -> 0.20367375 | N53: =E53/(E53+E33+E13) -> 0.21312145 | O53: =F53/(F53+F33+F13) -> 0.21691546 | P53: =G53/(G53+G33+G13) -> 0.21359449 | Q53: =H53/(H53+H33+H13) -> 0.21119413
A54: Marion | B54: 12173 | C54: 13390 | D54: 14048 | E54: 14016 | F54: 13488 | G54: 12749 | H54: 12197 | K54: =B54/(B54+B34+B14) -> 0.18623686 | L54: =C54/(C54+C34+C14) -> 0.20500965 | M54: =D54/(D54+D34+D14) -> 0.21559239 | N54: =E54/(E54+E34+E14) -> 0.21481777 | O54: =F54/(F54+F34+F14) -> 0.20731951 | P54: =G54/(G54+G34+G14) -> 0.1969505 | Q54: =H54/(H54+H34+H14) -> 0.18937971
A55: Morrow | B55: 6478 | C55: 7780 | D55: 8772 | E55: 9556 | F55: 10047 | G55: 10295 | H55: 10476 | K55: =B55/(B55+B35+B15) -> 0.18527628 | L55: =C55/(C55+C35+C15) -> 0.21358957 | M55: =D55/(D55+D35+D15) -> 0.23288908 | N55: =E55/(E55+E35+E15) -> 0.24292033 | O55: =F55/(F55+F35+F15) -> 0.24795775 | P55: =G55/(G55+G35+G15) -> 0.24834757 | Q55: =H55/(H55+H35+H15) -> 0.24713959
A56: Perry | B56: 6226 | C56: 7340 | D56: 8061 | E56: 8545 | F56: 8585 | G56: 8510 | H56: 8468 | K56: =B56/(B56+B36+B16) -> 0.17568216 | L56: =C56/(C56+C36+C16) -> 0.19913725 | M56: =D56/(D56+D36+D16) -> 0.21544835 | N56: =E56/(E56+E36+E16) -> 0.22409588 | O56: =F56/(F56+F36+F16) -> 0.22205266 | P56: =G56/(G56+G36+G16) -> 0.21763593 | Q56: =H56/(H56+H36+H16) -> 0.21415204
... A59: Union | B59: 8309 | C59: 9631 | D59: 11363 | E59: 12621 | F59: 13367 | G59: 13952 | H59: 14688 | K59: =B59/(B59+B39+B19) -> 0.13172789 | L59: =C59/(C59+C39+C19) -> 0.14502771 | M59: =D59/(D59+D39+D19) -> 0.15672023 | N59: =E59/(E59+E39+E19) -> 0.1598951 | O59: =F59/(F59+F39+F19) -> 0.15729028 | P59: =G59/(G59+G39+G19) -> 0.15358196 | Q59: =H59/(H59+H39+H19) -> 0.1518846
A60: Total | B60: =SUM(B45:B59) -> 351697 | C60: =SUM(C45:C59) -> 409721 | D60: =SUM(D45:D59) -> 458281 | E60: =SUM(E45:E59) -> 492688 | F60: =SUM(F45:F59) -> 507827 | G60: =SUM(G45:G59) -> 515282 | H60: =SUM(H45:H59) -> 530804 | K60: =B60/(B60+B40+B20) -> 0.14525977 | L60: =C60/(C60+C40+C20) -> 0.1603407 | M60: =D60/(D60+D40+D20) -> 0.17119674 | N60: =E60/(E60+E40+E20) -> 0.17426835 | O60: =F60/(F60+F40+F20) -> 0.17245464 | P60: =G60/(G60+G40+G20) -> 0.16917488 | Q60: =H60/(H60+H40+H20) -> 0.16866925
B63: Updated May 26, 2023

Sheet Group Quarters and Households
C1: County Growth Projections Population in Group Quarters and Households
A2: Population in Group Quarters (1)
B3: Estimate | C3: Projections | K3: Share of Total Population (2)
A4: COUNTY | B4: 2020 | C4: 2025 | D4: 2030 | E4: 2035 | F4: 2040 | G4: 2045 | H4: 2050 | K4: 2020 | L4: 2025 | M4: 2030 | N4: 2035 | O4: 2040 | P4: 2045 | Q4: 2050
A5: Delaware | B5: 2739 | C5: 3160 | D5: 3549 | E5: 3976 | F5: 4361 | G5: 4724 | H5: 5087 | K5: =B5/(B5+B25) -> 0.012795717 | L5: =C5/(C5+C25) -> 0.012797719 | M5: =D5/(D5+D25) -> 0.012794814 | N5: =E5/(E5+E25) -> 0.012794686 | O5: =F5/(F5+F25) -> 0.012795948 | P5: =G5/(G5+G25) -> 0.012795441 | Q5: =H5/(H5+H25) -> 0.012795134
A6: Fairfield | B6: 3095 | C6: 3295 | D6: 3475 | E6: 3677 | F6: 3855 | G6: 4020 | H6: 4185 | K6: =B6/(B6+B26) -> 0.019479866 | L6: =C6/(C6+C26) -> 0.019483322 | M6: =D6/(D6+D26) -> 0.019482303 | N6: =E6/(E6+E26) -> 0.019481724 | O6: =F6/(F6+F26) -> 0.019483276 | P6: =G6/(G6+G26) -> 0.01948118 | Q6: =H6/(H6+H26) -> 0.019479794
A7: Fayette | B7: 320 | C7: 326 | D7: 332 | E7: 339 | F7: 345 | G7: 352 | H7: 358 | K7: =B7/(B7+B27) -> 0.011058506 | L7: =C7/(C7+C27) -> 0.011092586 | M7: =D7/(D7+D27) -> 0.011080332 | N7: =E7/(E7+E27) -> 0.011084589 | O7: =F7/(F7+F27) -> 0.011067625 | P7: =G7/(G7+G27) -> 0.011086963 | Q7: =H7/(H7+H27) -> 0.011074677
A8: Franklin | B8: 29452 | C8: 30928 | D8: 32195 | E8: 33814 | F8: 35031 | G8: 36047 | H8: 37064 | K8: =B8/(B8+B28) -> 0.022250376 | L8: =C8/(C8+C28) -> 0.022249944 | M8: =D8/(D8+D28) -> 0.022250004 | N8: =E8/(E8+E28) -> 0.022252069 | O8: =F8/(F8+F28) -> 0.022252699 | P8: =G8/(G8+G28) -> 0.022254092 | Q8: =H8/(H8+H28) -> 0.022254913
A9: Hocking | B9: 470 | C9: 468 | D9: 465 | E9: 463 | F9: 459 | G9: 455 | H9: 451 | K9: =B9/(B9+B29) -> 0.016759976 | L9: =C9/(C9+C29) -> 0.016748381 | M9: =D9/(D9+D29) -> 0.016768238 | N9: =E9/(E9+E29) -> 0.01677901 | O9: =F9/(F9+F29) -> 0.016756717 | P9: =G9/(G9+G29) -> 0.016755045 | Q9: =H9/(H9+H29) -> 0.016751476
A10: Knox | B10: 3768 | C10: 3855 | D10: 3926 | E10: 4026 | F10: 4093 | G10: 4143 | H10: 4193 | K10: =B10/(B10+B30) -> 0.060016246 | L10: =C10/(C10+C30) -> 0.059968266 | M10: =D10/(D10+D30) -> 0.059936186 | N10: =E10/(E10+E30) -> 0.059910714 | O10: =F10/(F10+F30) -> 0.059920652 | P10: =G10/(G10+G30) -> 0.059939236 | Q10: =H10/(H10+H30) -> 0.059953959
A11: Licking | B11: 4027 | C11: 4307 | D11: 4528 | E11: 4895 | F11: 5095 | G11: 5212 | H11: 5329 | K11: =B11/(B11+B31) -> 0.022561109 | L11: =C11/(C11+C31) -> 0.022561314 | M11: =D11/(D11+D31) -> 0.02256025 | N11: =E11/(E11+E31) -> 0.022561971 | O11: =F11/(F11+F31) -> 0.022562218 | P11: =G11/(G11+G31) -> 0.022565115 | Q11: =H11/(H11+H31) -> 0.022567026
A12: Logan | B12: 490 | C12: 489 | D12: 493 | E12: 496 | F12: 500 | G12: 503 | H12: 505 | K12: =B12/(B12+B32) -> 0.010620773 | L12: =C12/(C12+C32) -> 0.010618893 | M12: =D12/(D12+D32) -> 0.010638987 | N12: =E12/(E12+E32) -> 0.010623715 | O12: =F12/(F12+F32) -> 0.010641921 | P12: =G12/(G12+G32) -> 0.010642124 | Q12: =H12/(H12+H32) -> 0.01062107
A13: Madison | B13: 5229 | C13: 5547 | D13: 5827 | E13: 6135 | F13: 6411 | G13: 6671 | H13: 6931 | K13: =B13/(B13+B33) -> 0.11926919 | L13: =C13/(C13+C33) -> 0.11912636 | M13: =D13/(D13+D33) -> 0.11897178 | N13: =E13/(E13+E33) -> 0.11890457 | O13: =F13/(F13+F33) -> 0.11896235 | P13: =G13/(G13+G33) -> 0.11901873 | Q13: =H13/(H13+H33) -> 0.11904639
A14: Marion | B14: 5667 | C14: 5663 | D14: 5650 | E14: 5658 | F14: 5641 | G14: 5613 | H14: 5585 | K14: =B14/(B14+B34) -> 0.086646077 | L14: =C14/(C14+C34) -> 0.086534641 | M14: =D14/(D14+D34) -> 0.086499893 | N14: =E14/(E14+E34) -> 0.086587904 | O14: =F14/(F14+F34) -> 0.086664618 | P14: =G14/(G14+G34) -> 0.08669931 | Q14: =H14/(H14+H34) -> 0.086700716
A15: Morrow | B15: 275 | C15: 286 | D15: 296 | E15: 309 | F15: 319 | G15: 326 | H15: 333 | K15: =B15/(B15+B35) -> 0.0078701849 | L15: =C15/(C15+C35) -> 0.0078588701 | M15: =D15/(D15+D35) -> 0.0078689919 | N15: =E15/(E15+E35) -> 0.0078669993 | O15: =F15/(F15+F35) -> 0.0078856945 | P15: =G15/(G15+G35) -> 0.0078770599 | Q15: =H15/(H15+H35) -> 0.0078689919
A16: Perry | B16: 338 | C16: 352 | D16: 358 | E16: 365 | F16: 370 | G16: 374 | H16: 378 | K16: =B16/(B16+B36) -> 0.0095482923 | L16: =C16/(C16+C36) -> 0.009557945 | M16: =D16/(D16+D36) -> 0.009580646 | N16: =E16/(E16+E36) -> 0.0095868463 | O16: =F16/(F16+F36) -> 0.0095842507 | P16: =G16/(G16+G36) -> 0.0095779553 | Q16: =H16/(H16+H36) -> 0.0095715588
... A19: Union | B19: 3536 | C19: 3740 | D19: 4083 | E19: 4445 | F19: 4786 | G19: 5116 | H19: 5446 | K19: =B19/(B19+B39) -> 0.056383844 | L19: =C19/(C19+C39) -> 0.056340574 | M19: =D19/(D19+D39) -> 0.05627998 | N19: =E19/(E19+E39) -> 0.056249446 | O19: =F19/(F19+F39) -> 0.0562536 | P19: =G19/(G19+G39) -> 0.056285963 | Q19: =H19/(H19+H39) -> 0.056315017
A20: Total | B20: =SUM(B5:B19) -> 69903 | C20: =SUM(C5:C19) -> 73176 | D20: =SUM(D5:D19) -> 76188 | E20: =SUM(E5:E19) -> 79887 | F20: =SUM(F5:F19) -> 82800 | G20: =SUM(G5:G19) -> 85321 | H20: =SUM(H5:H19) -> 87840 | K20: =B20/(B20+B40) -> 0.028897932 | L20: =C20/(C20+C40) -> 0.028636626 | M20: =D20/(D20+D40) -> 0.028459334 | N20: =E20/(E20+E40) -> 0.028256199 | O20: =F20/(F20+F40) -> 0.028119718 | P20: =G20/(G20+G40) -> 0.028015911 | Q20: =H20/(H20+H40) -> 0.027917043
A22: Population in Households
B23: Estimate | C23: Projections | J23: Share of Total Population
A24: COUNTY | B24: 2020 | C24: 2025 | D24: 2030 | E24: 2035 | F24: 2040 | G24: 2045 | H24: 2050 | K24: 2020 | L24: 2025 | M24: 2030 | N24: 2035 | O24: 2040 | P24: 2045 | Q24: 2050
A25: Delaware | B25: 211317 | C25: 243759 | D25: 273829 | E25: 306778 | F25: 336450 | G25: 364470 | H25: 392486 | J25: 335024.16 | K25: =B25/(B25+B5) -> 0.98720428 | L25: =C25/(C25+C5) -> 0.98720228 | M25: =D25/(D25+D5) -> 0.98720519 | N25: =E25/(E25+E5) -> 0.98720531 | O25: =F25/(F25+F5) -> 0.98720405 | P25: =G25/(G25+G5) -> 0.98720456 | Q25: =H25/(H25+H5) -> 0.98720487
A26: Fairfield | B26: 155787 | C26: 165824 | D26: 174892 | E26: 185064 | F26: 194007 | G26: 202333 | H26: 210653 | J26: 215587.21 | K26: =B26/(B26+B6) -> 0.98052013 | L26: =C26/(C26+C6) -> 0.98051668 | M26: =D26/(D26+D6) -> 0.9805177 | N26: =E26/(E26+E6) -> 0.98051828 | O26: =F26/(F26+F6) -> 0.98051672 | P26: =G26/(G26+G6) -> 0.98051882 | Q26: =H26/(H26+H6) -> 0.98052021
A27: Fayette | B27: 28617 | C27: 29063 | D27: 29631 | E27: 30244 | F27: 30827 | G27: 31397 | H27: 31968 | J27: 31149.92 | K27: =B27/(B27+B7) -> 0.98894149 | L27: =C27/(C27+C7) -> 0.98890741 | M27: =D27/(D27+D7) -> 0.98891967 | N27: =E27/(E27+E7) -> 0.98891541 | O27: =F27/(F27+F7) -> 0.98893238 | P27: =G27/(G27+G7) -> 0.98891304 | Q27: =H27/(H27+H7) -> 0.98892532
A28: Franklin | B28: 1294211 | C28: 1359098 | D28: 1414771 | E28: 1485775 | F28: 1539205 | G28: 1583745 | H28: 1628366 | J28: 1647056.5 | K28: =B28/(B28+B8) -> 0.97774962 | L28: =C28/(C28+C8) -> 0.97775006 | M28: =D28/(D28+D8) -> 0.97775 | N28: =E28/(E28+E8) -> 0.97774793 | O28: =F28/(F28+F8) -> 0.9777473 | P28: =G28/(G28+G8) -> 0.97774591 | Q28: =H28/(H28+H8) -> 0.97774509
A29: Hocking | B29: 27573 | C29: 27475 | D29: 27266 | E29: 27131 | F29: 26933 | G29: 26701 | H29: 26472 | J29: 22835.651 | K29: =B29/(B29+B9) -> 0.98324002 | L29: =C29/(C29+C9) -> 0.98325162 | M29: =D29/(D29+D9) -> 0.98323176 | N29: =E29/(E29+E9) -> 0.98322099 | O29: =F29/(F29+F9) -> 0.98324328 | P29: =G29/(G29+G9) -> 0.98324496 | Q29: =H29/(H29+H9) -> 0.98324852
A30: Knox | B30: 59015 | C30: 60429 | D30: 61577 | E30: 63174 | F30: 64214 | G30: 64977 | H30: 65744 | J30: 73588.473 | K30: =B30/(B30+B10) -> 0.93998375 | L30: =C30/(C30+C10) -> 0.94003173 | M30: =D30/(D30+D10) -> 0.94006381 | N30: =E30/(E30+E10) -> 0.94008929 | O30: =F30/(F30+F10) -> 0.94007935 | P30: =G30/(G30+G10) -> 0.94006076 | Q30: =H30/(H30+H10) -> 0.94004604
A31: Licking | B31: 174466 | C31: 186595 | D31: 196179 | E31: 212063 | F31: 220725 | G31: 225764 | H31: 230812 | J31: 227620.99 | K31: =B31/(B31+B11) -> 0.97743889 | L31: =C31/(C31+C11) -> 0.97743869 | M31: =D31/(D31+D11) -> 0.97743975 | N31: =E31/(E31+E11) -> 0.97743803 | O31: =F31/(F31+F11) -> 0.97743778 | P31: =G31/(G31+G11) -> 0.97743489 | Q31: =H31/(H31+H11) -> 0.97743297
A32: Logan | B32: 45646 | C32: 45561 | D32: 45846 | E32: 46192 | F32: 46484 | G32: 46762 | H32: 47042 | J32: 50681.028 | K32: =B32/(B32+B12) -> 0.98937923 | L32: =C32/(C32+C12) -> 0.98938111 | M32: =D32/(D32+D12) -> 0.98936101 | N32: =E32/(E32+E12) -> 0.98937629 | O32: =F32/(F32+F12) -> 0.98935808 | P32: =G32/(G32+G12) -> 0.98935788 | Q32: =H32/(H32+H12) -> 0.98937893
A33: Madison | B33: 38613 | C33: 41017 | D33: 43151 | E33: 45461 | F33: 47480 | G33: 49379 | H33: 51290 | J33: 46454.033 | K33: =B33/(B33+B13) -> 0.88073081 | L33: =C33/(C33+C13) -> 0.88087364 | M33: =D33/(D33+D13) -> 0.88102822 | N33: =E33/(E33+E13) -> 0.88109543 | O33: =F33/(F33+F13) -> 0.88103765 | P33: =G33/(G33+G13) -> 0.88098127 | Q33: =H33/(H33+H13) -> 0.88095361
A34: Marion | B34: 59737 | C34: 59779 | D34: 59668 | E34: 59686 | F34: 59449 | G34: 59128 | H34: 58832 | J34: 52417.469 | K34: =B34/(B34+B14) -> 0.91335392 | L34: =C34/(C34+C14) -> 0.91346536 | M34: =D34/(D34+D14) -> 0.91350011 | N34: =E34/(E34+E14) -> 0.9134121 | O34: =F34/(F34+F14) -> 0.91333538 | P34: =G34/(G34+G14) -> 0.91330069 | Q34: =H34/(H34+H14) -> 0.91329928
A35: Morrow | B35: 34667 | C35: 36106 | D35: 37320 | E35: 38969 | F35: 40134 | G35: 41060 | H35: 41985 | J35: 42771.173 | K35: =B35/(B35+B15) -> 0.99212982 | L35: =C35/(C35+C15) -> 0.99214113 | M35: =D35/(D35+D15) -> 0.99213101 | N35: =E35/(E35+E15) -> 0.992133 | O35: =F35/(F35+F15) -> 0.99211431 | P35: =G35/(G35+G15) -> 0.99212294 | Q35: =H35/(H35+H15) -> 0.99213101
A36: Perry | B36: 35061 | C36: 36476 | D36: 37009 | E36: 37708 | F36: 38235 | G36: 38674 | H36: 39114 | J36: 36375.546 | K36: =B36/(B36+B16) -> 0.99045171 | L36: =C36/(C36+C16) -> 0.99044205 | M36: =D36/(D36+D16) -> 0.99041935 | N36: =E36/(E36+E16) -> 0.99041315 | O36: =F36/(F36+F16) -> 0.99041575 | P36: =G36/(G36+G16) -> 0.99042204 | Q36: =H36/(H36+H16) -> 0.99042844
... A39: Union | B39: 59177 | C39: 62642 | D39: 68465 | E39: 74578 | F39: 80293 | G39: 85777 | H39: 91260 | J39: 89025.156 | K39: =B39/(B39+B19) -> 0.94361616 | L39: =C39/(C39+C19) -> 0.94365943 | M39: =D39/(D39+D19) -> 0.94372002 | N39: =E39/(E39+E19) -> 0.94375055 | O39: =F39/(F39+F19) -> 0.9437464 | P39: =G39/(G39+G19) -> 0.94371404 | Q39: =H39/(H39+H19) -> 0.94368498
A40: Total | B40: =SUM(B25:B39) -> 2349059 | C40: =SUM(C25:C39) -> 2482153 | D40: =SUM(D25:D39) -> 2600895 | E40: =SUM(E25:E39) -> 2747351 | F40: =SUM(F25:F39) -> 2861753 | G40: =SUM(G25:G39) -> 2960127 | H40: =SUM(H25:H39) -> 3058625 | K40: =B40/(B40+B20) -> 0.97110207 | L40: =C40/(C40+C20) -> 0.97136337 | M40: =D40/(D40+D20) -> 0.97154067 | N40: =E40/(E40+E20) -> 0.9717438 | O40: =F40/(F40+F20) -> 0.97188028 | P40: =G40/(G40+G20) -> 0.97198409 | Q40: =H40/(H40+H20) -> 0.97208296
A43: 1 | B43: Group quarters are non-household living arrangements such as dormitories, nursing homes, or correctional facilities
A44: 2 | B44: Group quarters is assumed as a fixed share of the total population in the future.
B46: Updated May 12, 2023

Sheet Household Population by Age
C1: County Growth Projections Household Population by Age
A2: Household Population by Age Under 18
B3: Estimate | C3: Projections | L3: Share of Total Household Population
A4: COUNTY | B4: 2020 | C4: 2025 | D4: 2030 | E4: 2035 | F4: 2040 | G4: 2045 | H4: 2050 | L4: 2020 | M4: 2025 | N4: 2030 | O4: 2035 | P4: 2040 | Q4: 2045 | R4: 2050
A5: Delaware | B5: 53459.584 | C5: 57802.211 | D5: 62488.397 | E5: 68429.156 | F5: 74584.974 | G5: 80292.682 | H5: 85615.513 | L5: =B5/(B5+B25+B45) -> 0.25298288 | M5: =C5/(C5+C25+C45) -> 0.23670514 | N5: =D5/(D5+D25+D45) -> 0.22752259 | O5: =E5/(E5+E25+E45) -> 0.22216753 | P5: =F5/(F5+F25+F45) -> 0.22063949 | Q5: =G5/(G5+G25+G45) -> 0.21913284 | R5: =H5/(H5+H25+H45) -> 0.21686672
A6: Fairfield | B6: 37338.736 | C6: 39868.978 | D6: 42433.106 | E6: 45292.284 | F6: 47626.957 | G6: 49682.842 | H6: 51679.733 | L6: =B6/(B6+B26+B46) -> 0.23901686 | M6: =C6/(C6+C26+C46) -> 0.23948928 | N6: =D6/(D6+D26+D46) -> 0.24145938 | O6: =E6/(E6+E26+E46) -> 0.24337475 | P6: =F6/(F6+F26+F46) -> 0.24398431 | Q6: =G6/(G6+G26+G46) -> 0.24392957 | R6: =H6/(H6+H26+H46) -> 0.24360111
A7: Fayette | B7: 6616.6189 | C7: 6617.3337 | D7: 6510.3178 | E7: 6616.8701 | F7: 6856.0954 | G7: 7091.3458 | H7: 7290.1283 | L7: =B7/(B7+B27+B47) -> 0.25137219 | M7: =C7/(C7+C27+C47) -> 0.2470076 | N7: =D7/(D7+D27+D47) -> 0.23775903 | O7: =E7/(E7+E27+E47) -> 0.2362746 | P7: =F7/(F7+F27+F47) -> 0.23979908 | Q7: =G7/(G7+G27+G47) -> 0.2431791 | R7: =H7/(H7+H27+H47) -> 0.24520293
A8: Franklin | B8: 309386.52 | C8: 324447.44 | D8: 335630.41 | E8: 347855.7 | F8: 359172 | G8: 366068.57 | H8: 375105.21 | L8: =B8/(B8+B28+B48) -> 0.23424336 | M8: =C8/(C8+C28+C48) -> 0.23390477 | N8: =D8/(D8+D28+D48) -> 0.23242443 | O8: =E8/(E8+E28+E48) -> 0.22933827 | P8: =F8/(F8+F28+F48) -> 0.22855768 | Q8: =G8/(G8+G28+G48) -> 0.22636719 | R8: =H8/(H8+H28+H48) -> 0.22558445
A9: Hocking | B9: 6007.1658 | C9: 5895.6057 | D9: 5871.457 | E9: 5798.3794 | F9: 5758.1539 | G9: 5674.3268 | H9: 5610.5868 | L9: =B9/(B9+B29+B49) -> 0.23630722 | M9: =C9/(C9+C29+C49) -> 0.23269678 | N9: =D9/(D9+D29+D49) -> 0.23361545 | O9: =E9/(E9+E29+E49) -> 0.23193518 | P9: =F9/(F9+F29+F49) -> 0.23219299 | Q9: =G9/(G9+G29+G49) -> 0.23102996 | R9: =H9/(H9+H29+H49) -> 0.23066053
A10: Knox | B10: 14854.416 | C10: 15203.266 | D10: 15471.644 | E10: 16053.808 | F10: 16481.425 | G10: 16768.684 | H10: 17042.833 | L10: =B10/(B10+B30+B50) -> 0.24751172 | M10: =C10/(C10+C30+C50) -> 0.24741275 | N10: =D10/(D10+D30+D50) -> 0.24703642 | O10: =E10/(E10+E30+E50) -> 0.24967042 | P10: =F10/(F10+F30+F50) -> 0.25197102 | Q10: =G10/(G10+G30+G50) -> 0.2531466 | R10: =H10/(H10+H30+H50) -> 0.25409758
A11: Licking | B11: 41091.69 | C11: 43785.055 | D11: 45856.897 | E11: 49464.023 | F11: 51476.737 | G11: 52202.186 | H11: 52930.902 | L11: =B11/(B11+B31+B51) -> 0.23363082 | M11: =C11/(C11+C31+C51) -> 0.23255534 | N11: =D11/(D11+D31+D51) -> 0.23151514 | O11: =E11/(E11+E31+E51) -> 0.23079087 | P11: =F11/(F11+F31+F51) -> 0.23063571 | Q11: =G11/(G11+G31+G51) -> 0.228577 | R11: =H11/(H11+H31+H51) -> 0.22662269
A12: Logan | B12: 10295.892 | C12: 10076.059 | D12: 9945.721 | E12: 9964.2687 | F12: 9955.3453 | G12: 9877.5064 | H12: 9771.3658 | L12: =B12/(B12+B32+B52) -> 0.23692137 | M12: =C12/(C12+C32+C52) -> 0.23215122 | N12: =D12/(D12+D32+D52) -> 0.22750757 | O12: =E12/(E12+E32+E52) -> 0.22609069 | P12: =F12/(F12+F32+F52) -> 0.22438626 | Q12: =G12/(G12+G32+G52) -> 0.22125048 | R12: =H12/(H12+H32+H52) -> 0.21752334
A13: Madison | B13: 8858.5688 | C13: 8998.9676 | D13: 9103.5586 | E13: 9398.689 | F13: 9510.6772 | G13: 9885.7182 | H13: 10299.994 | L13: =B13/(B13+B33+B53) -> 0.2150399 | M13: =C13/(C13+C33+C53) -> 0.20518418 | N13: =D13/(D13+D33+D53) -> 0.19702967 | O13: =E13/(E13+E33+E53) -> 0.1926632 | P13: =F13/(F13+F33+F53) -> 0.18612986 | Q13: =G13/(G13+G33+G53) -> 0.18555669 | R13: =H13/(H13+H33+H53) -> 0.18573608
A14: Marion | B14: 13725.13 | C14: 13735.254 | D14: 13585.835 | E14: 13125.757 | F14: 12804.025 | G14: 12909.088 | H14: 13136.203 | L14: =B14/(B14+B34+B54) -> 0.21895398 | M14: =C14/(C14+C34+C54) -> 0.2192729 | N14: =D14/(D14+D34+D54) -> 0.21742206 | O14: =E14/(E14+E34+E54) -> 0.20976375 | P14: =F14/(F14+F34+F54) -> 0.20523218 | Q14: =G14/(G14+G34+G54) -> 0.20800644 | R14: =H14/(H14+H34+H54) -> 0.21279062
A15: Morrow | B15: 7661.3221 | C15: 7440.8844 | D15: 7506.5004 | E15: 7842.7035 | F15: 7988.7424 | G15: 8008.7287 | H15: 7949.6397 | L15: =B15/(B15+B35+B55) -> 0.23705319 | M15: =C15/(C15+C35+C55) -> 0.22018359 | N15: =D15/(D15+D35+D55) -> 0.21425718 | O15: =E15/(E15+E35+E55) -> 0.21365689 | P15: =F15/(F15+F35+F55) -> 0.21085152 | Q15: =G15/(G15+G35+G55) -> 0.20628825 | R15: =H15/(H15+H35+H55) -> 0.19995069
A16: Perry | B16: 8087.6459 | C16: 8338.7692 | D16: 8345.9653 | E16: 8414.6172 | F16: 8520.4135 | G16: 8594.5163 | H16: 8700.4312 | L16: =B16/(B16+B36+B56) -> 0.24673254 | M16: =C16/(C16+C36+C56) -> 0.24360997 | N16: =D16/(D16+D36+D56) -> 0.23992311 | O16: =E16/(E16+E36+E56) -> 0.23701812 | P16: =F16/(F16+F36+F56) -> 0.2364614 | Q16: =G16/(G16+G36+G56) -> 0.23564051 | R16: =H16/(H16+H36+H56) -> 0.23570101
... A19: Union | B19: 15030.25 | C19: 16039.348 | D19: 17946.235 | E19: 19936.6 | F19: 21575.9 | G19: 22584.109 | H19: 23471.02 | L19: =B19/(B19+B39+B59) -> 0.25002912 | M19: =C19/(C19+C39+C59) -> 0.25165683 | N19: =D19/(D19+D39+D59) -> 0.25700997 | O19: =E19/(E19+E39+E59) -> 0.26146703 | P19: =F19/(F19+F39+F59) -> 0.26217753 | Q19: =G19/(G19+G39+G59) -> 0.25619217 | R19: =H19/(H19+H39+H59) -> 0.24965983
A20: Total | B20: =SUM(B5:B19) -> 560681.45 | C20: =SUM(C5:C19) -> 586442.06 | D20: =SUM(D5:D19) -> 608792.74 | E20: =SUM(E5:E19) -> 636512.95 | F20: =SUM(F5:F19) -> 660611.89 | G20: =SUM(G5:G19) -> 678549.34 | H20: =SUM(H5:H19) -> 698262.24 | L20: =B20/(B20+B40+B60) -> 0.23571712 | M20: =C20/(C20+C40+C60) -> 0.2332066 | N20: =D20/(D20+D40+D60) -> 0.2309309 | O20: =E20/(E20+E40+E60) -> 0.22843101 | P20: =F20/(F20+F40+F60) -> 0.22748915 | Q20: =G20/(G20+G40+G60) -> 0.22580406 | R20: =H20/(H20+H40+H60) -> 0.22480027
A22: Household Population by Age 18 - 64
B23: Estimate | C23: Projections | K23: Share of Total Household Population
A24: COUNTY | B24: 2020 | C24: 2025 | D24: 2030 | E24: 2035 | F24: 2040 | G24: 2045 | H24: 2050 | L24: 2020 | M24: 2025 | N24: 2030 | O24: 2035 | P24: 2040 | Q24: 2045 | R24: 2050
A25: Delaware | B25: 126668.53 | C25: 145319.24 | D25: 160653.84 | E25: 177640.12 | F25: 192780.78 | G25: 208387.53 | H25: 224128.5 | L25: =B25/(B5+B25+B45) -> 0.59942421 | M25: =C25/(C5+C25+C45) -> 0.59509508 | N25: =D25/(D5+D25+D45) -> 0.58494665 | O25: =E25/(E5+E25+E45) -> 0.57674054 | P25: =F25/(F5+F25+F45) -> 0.57028985 | Q25: =G25/(G5+G25+G45) -> 0.56872619 | R25: =H25/(H5+H25+H45) -> 0.56772438
A26: Fairfield | B26: 93009.151 | C26: 97008.336 | D26: 100239.14 | E26: 105773.38 | F26: 111882.19 | G26: 118235.31 | H26: 124206.67 | L26: =B26/(B6+B26+B46) -> 0.5953805 | M26: =C26/(C6+C26+C46) -> 0.58272014 | N26: =D26/(D6+D26+D46) -> 0.57039617 | O26: =E26/(E6+E26+E46) -> 0.56836545 | P26: =F26/(F6+F26+F46) -> 0.57315226 | Q26: =G26/(G6+G26+G46) -> 0.58050397 | R26: =H26/(H6+H26+H46) -> 0.58546904
A27: Fayette | B27: 14679.628 | C27: 14695.061 | D27: 14967.915 | E27: 15299.343 | F27: 15600.579 | G27: 15984.655 | H27: 16395.187 | L27: =B27/(B7+B27+B47) -> 0.55769424 | M27: =C27/(C7+C27+C47) -> 0.54852784 | N27: =D27/(D7+D27+D47) -> 0.54663337 | O27: =E27/(E7+E27+E47) -> 0.54630756 | P27: =F27/(F7+F27+F47) -> 0.54564649 | Q27: =G27/(G7+G27+G47) -> 0.54815182 | R27: =H27/(H7+H27+H47) -> 0.55145091
A28: Franklin | B28: 843951.03 | C28: 868734.1 | D28: 894781.84 | E28: 942968.28 | F28: 982849.44 | G28: 1019973.1 | H28: 1048743.2 | L28: =B28/(B8+B28+B48) -> 0.63897394 | M28: =C28/(C8+C28+C48) -> 0.62629883 | N28: =D28/(D8+D28+D48) -> 0.61963742 | O28: =E28/(E8+E28+E48) -> 0.62169087 | P28: =F28/(F8+F28+F48) -> 0.62543236 | Q28: =G28/(G8+G28+G48) -> 0.63072458 | R28: =H28/(H8+H28+H48) -> 0.6307035
A29: Hocking | B29: 14145.807 | C29: 13599.748 | D29: 12986.347 | E29: 12769.056 | F29: 12631.528 | G29: 12670.692 | H29: 12736.21 | L29: =B29/(B9+B29+B49) -> 0.55646147 | M29: =C29/(C9+C29+C49) -> 0.53677564 | N29: =D29/(D9+D29+D49) -> 0.516705 | O29: =E29/(E9+E29+E49) -> 0.51076224 | P29: =F29/(F9+F29+F49) -> 0.50935634 | Q29: =G29/(G9+G29+G49) -> 0.51588664 | R29: =H29/(H9+H29+H49) -> 0.52360672
A30: Knox | B30: 33642.314 | C30: 33084.544 | D30: 32947.024 | E30: 33588.691 | F30: 34494.499 | G30: 35497.844 | H30: 36398.449 | L30: =B30/(B10+B30+B50) -> 0.5605651 | M30: =C30/(C10+C30+C50) -> 0.53840656 | N30: =D30/(D10+D30+D50) -> 0.52606658 | O30: =E30/(E10+E30+E50) -> 0.52237467 | P30: =F30/(F10+F30+F50) -> 0.52735819 | Q30: =G30/(G10+G30+G50) -> 0.53588931 | R30: =H30/(H10+H30+H50) -> 0.54267726
A31: Licking | B31: 104397.21 | C31: 108968.46 | D31: 112430.62 | E31: 121499.29 | F31: 127971.11 | G31: 133449.07 | H31: 137874.64 | L31: =B31/(B11+B31+B51) -> 0.59356055 | M31: =C31/(C11+C31+C51) -> 0.57876365 | N31: =D31/(D11+D31+D51) -> 0.56762216 | O31: =E31/(E11+E31+E51) -> 0.56689542 | P31: =F31/(F11+F31+F51) -> 0.5733601 | Q31: =G31/(G11+G31+G51) -> 0.58433163 | R31: =H31/(H11+H31+H51) -> 0.59030774
A32: Logan | B32: 24644.238 | C32: 23854.492 | D32: 23461.02 | E32: 23521.099 | F32: 23777.729 | G32: 24226.515 | H32: 24757.648 | L32: =B32/(B12+B32+B52) -> 0.56709479 | M32: =C32/(C12+C32+C52) -> 0.54960468 | N32: =D32/(D12+D32+D52) -> 0.53666897 | O32: =E32/(E12+E32+E52) -> 0.53369712 | P32: =F32/(F12+F32+F52) -> 0.53593276 | Q32: =G32/(G12+G32+G52) -> 0.54266005 | R32: =H32/(H12+H32+H52) -> 0.5511375
A33: Madison | B33: 25500.531 | C33: 26622.86 | D33: 27479.179 | E33: 28752.469 | F33: 30257.325 | G33: 31774.778 | H33: 33212.834 | L33: =B33/(B13+B33+B53) -> 0.61902006 | M33: =C33/(C13+C33+C53) -> 0.60702404 | N33: =D33/(D13+D33+D53) -> 0.59473593 | O33: =E33/(E13+E33+E53) -> 0.58939526 | P33: =F33/(F13+F33+F53) -> 0.59215463 | Q33: =G33/(G13+G33+G53) -> 0.59641824 | R33: =H33/(H13+H33+H53) -> 0.59891504
A34: Marion | B34: 37112.487 | C34: 35839.639 | D34: 35177.507 | E34: 35756.962 | F34: 36420.845 | G34: 36727.521 | H34: 36724.715 | L34: =B34/(B14+B34+B54) -> 0.59204733 | M34: =C34/(C14+C34+C54) -> 0.5721526 | N34: =D34/(D14+D34+D54) -> 0.56296622 | O34: =E34/(E14+E34+E54) -> 0.57143481 | P34: =F34/(F14+F34+F54) -> 0.58377966 | Q34: =G34/(G14+G34+G54) -> 0.59179713 | R34: =H34/(H14+H34+H54) -> 0.59489601
A35: Morrow | B35: 18507.093 | C35: 18897.973 | D35: 19081.609 | E35: 19633.623 | F35: 20177.664 | G35: 20844.328 | H35: 21657.811 | L35: =B35/(B15+B35+B55) -> 0.57263816 | M35: =C35/(C15+C35+C55) -> 0.5592109 | N35: =D35/(D15+D35+D55) -> 0.54464418 | O35: =E35/(E15+E35+E55) -> 0.53487409 | P35: =F35/(F15+F35+F55) -> 0.53256082 | Q35: =G35/(G15+G35+G55) -> 0.53690669 | R35: =H35/(H15+H35+H55) -> 0.54474095
A36: Perry | B36: 18796.122 | C36: 18876.442 | D36: 18704.192 | E36: 18867.554 | F36: 19252.468 | G36: 19693.725 | H36: 20069.936 | L36: =B36/(B16+B36+B56) -> 0.57341964 | M36: =C36/(C16+C36+C56) -> 0.55145902 | N36: =D36/(D16+D36+D56) -> 0.53769311 | O36: =E36/(E16+E36+E56) -> 0.53145044 | P36: =F36/(F16+F36+F56) -> 0.53430101 | Q36: =G36/(G16+G36+G56) -> 0.53995352 | R36: =H36/(H16+H36+H56) -> 0.54370915
... A39: Union | B39: 37138.806 | C39: 38390.007 | D39: 40842.57 | E39: 44016.47 | F39: 47677.588 | G39: 51941.969 | H39: 56178.464 | L39: =B39/(B19+B39+B59) -> 0.61780626 | M39: =C39/(C19+C39+C59) -> 0.60233791 | N39: =D39/(D19+D39+D59) -> 0.58491085 | O39: =E39/(E19+E39+E59) -> 0.57727275 | P39: =F39/(F19+F39+F59) -> 0.57934975 | Q39: =G39/(G19+G39+G59) -> 0.5892252 | R39: =H39/(H19+H39+H59) -> 0.59756695
A40: Total | B40: =SUM(B25:B39) -> 1471405.5 | C40: =SUM(C25:C39) -> 1523402.3 | D40: =SUM(D25:D39) -> 1574059 | E40: =SUM(E25:E39) -> 1662136.5 | F40: =SUM(F25:F39) -> 1740368.9 | G40: =SUM(G25:G39) -> 1816086.3 | H40: =SUM(H25:H39) -> 1881964.4 | L40: =B40/(B20+B40+B60) -> 0.61859627 | M40: =C40/(C20+C40+C60) -> 0.60580148 | N40: =D40/(D20+D40+D60) -> 0.59708147 | O40: =E40/(E20+E40+E60) -> 0.59650555 | P40: =F40/(F20+F40+F60) -> 0.59931565 | Q40: =G40/(G20+G40+G60) -> 0.6043476 | R40: =H40/(H20+H40+H60) -> 0.60588426
A42: Household Population by Age 65 and older
B43: Estimate | C43: Projections | L43: Share of Total Household Population
A44: COUNTY | B44: 2020 | C44: 2025 | D44: 2030 | E44: 2035 | F44: 2040 | G44: 2045 | H44: 2050 | L44: 2020 | M44: 2025 | N44: 2030 | O44: 2035 | P44: 2040 | Q44: 2045 | R44: 2050
A45: Delaware | B45: 31188.89 | C45: 41073.544 | D45: 51504.759 | E45: 61937.721 | F45: 70674.245 | G45: 77730.785 | H45: 85039.985 | L45: =B45/(B45+B25+B5) -> 0.14759291 | M45: =C45/(C45+C25+C5) -> 0.16819978 | N45: =D45/(D45+D25+D5) -> 0.18753076 | O45: =E45/(E45+E25+E5) -> 0.20109193 | P45: =F45/(F45+F25+F5) -> 0.20907066 | Q45: =G45/(G45+G25+G5) -> 0.21214097 | R45: =H45/(H45+H25+H5) -> 0.21540889
A46: Fairfield | B46: 25870.113 | C46: 29597.686 | D46: 33063.753 | E46: 35035.338 | F46: 35695.856 | G46: 35758.851 | H46: 36262.595 | L46: =B46/(B46+B26+B6) -> 0.16560264 | M46: =C46/(C46+C26+C6) -> 0.17779058 | N46: =D46/(D46+D26+D6) -> 0.18814445 | O46: =E46/(E46+E26+E6) -> 0.1882598 | P46: =F46/(F46+F26+F6) -> 0.18286343 | Q46: =G46/(G46+G26+G6) -> 0.17556647 | R46: =H46/(H46+H26+H6) -> 0.17092984
A47: Fayette | B47: 5025.7534 | C47: 5477.6054 | D47: 5903.7671 | E47: 6088.7868 | F47: 6134.3258 | G47: 6084.999 | H47: 6045.6848 | L47: =B47/(B47+B27+B7) -> 0.19093357 | M47: =C47/(C47+C27+C7) -> 0.20446455 | N47: =D47/(D47+D27+D7) -> 0.21560759 | O47: =E47/(E47+E27+E7) -> 0.21741785 | P47: =F47/(F47+F27+F7) -> 0.21455443 | Q47: =G47/(G47+G27+G7) -> 0.20866908 | R47: =H47/(H47+H27+H7) -> 0.20334616
A48: Franklin | B48: 167453.45 | C48: 193910.46 | D48: 213628.74 | E48: 225956.02 | F48: 229450.56 | G48: 231103.32 | H48: 238966.54 | L48: =B48/(B48+B28+B8) -> 0.1267827 | M48: =C48/(C48+C28+C8) -> 0.1397964 | N48: =D48/(D48+D28+D8) -> 0.14793814 | O48: =E48/(E48+E28+E8) -> 0.14897086 | P48: =F48/(F48+F28+F8) -> 0.14600996 | Q48: =G48/(G48+G28+G8) -> 0.14290823 | R48: =H48/(H48+H28+H8) -> 0.14371204
A49: Hocking | B49: 5268.0272 | C49: 5840.6466 | D49: 6275.1962 | E49: 6432.5646 | F49: 6409.3183 | G49: 6215.9814 | H49: 5977.2034 | L49: =B49/(B49+B29+B9) -> 0.20723131 | M49: =C49/(C49+C29+C9) -> 0.23052757 | N49: =D49/(D49+D29+D9) -> 0.24967955 | O49: =E49/(E49+E29+E9) -> 0.25730259 | P49: =F49/(F49+F29+F9) -> 0.25845068 | Q49: =G49/(G49+G29+G9) -> 0.2530834 | R49: =H49/(H49+H29+H9) -> 0.24573275
A50: Knox | B50: 11518.27 | C50: 13161.189 | D50: 14210.332 | E50: 14657.5 | F50: 14434.076 | G50: 13974.472 | H50: 13630.718 | L50: =B50/(B50+B30+B10) -> 0.19192318 | M50: =C50/(C50+C30+C10) -> 0.21418069 | N50: =D50/(D50+D30+D10) -> 0.22689699 | O50: =E50/(E50+E30+E10) -> 0.2279549 | P50: =F50/(F50+F30+F10) -> 0.22067079 | Q50: =G50/(G50+G30+G10) -> 0.21096408 | R50: =H50/(H50+H30+H10) -> 0.20322517
A51: Licking | B51: 30394.1 | C51: 35524.482 | D51: 39785.479 | E51: 43360.683 | F51: 43747.156 | G51: 42727.741 | H51: 42758.46 | L51: =B51/(B51+B31+B11) -> 0.17280863 | M51: =C51/(C51+C31+C11) -> 0.188681 | N51: =D51/(D51+D31+D11) -> 0.20086271 | O51: =E51/(E51+E31+E11) -> 0.20231371 | P51: =F51/(F51+F31+F11) -> 0.19600419 | Q51: =G51/(G51+G31+G11) -> 0.18709137 | R51: =H51/(H51+H31+H11) -> 0.18306957
A52: Logan | B52: 8516.87 | C52: 9472.4489 | D52: 10309.259 | E52: 10586.632 | F52: 10633.926 | G52: 10539.979 | H52: 10391.987 | L52: =B52/(B52+B32+B12) -> 0.19598385 | M52: =C52/(C52+C32+C12) -> 0.21824411 | N52: =D52/(D52+D32+D12) -> 0.23582346 | O52: =E52/(E52+E32+E12) -> 0.2402122 | P52: =F52/(F52+F32+F12) -> 0.23968098 | Q52: =G52/(G52+G32+G12) -> 0.23608947 | R52: =H52/(H52+H32+H12) -> 0.23133916
A53: Madison | B53: 6835.9 | C53: 8236.172 | D53: 9621.2624 | E53: 10631.842 | F53: 11328.998 | G53: 11615.504 | H53: 11942.172 | L53: =B53/(B53+B33+B13) -> 0.16594004 | M53: =C53/(C53+C33+C13) -> 0.18779178 | N53: =D53/(D53+D33+D13) -> 0.2082344 | O53: =E53/(E53+E33+E13) -> 0.21794154 | P53: =F53/(F53+F33+F13) -> 0.22171552 | Q53: =G53/(G53+G33+G13) -> 0.21802507 | R53: =H53/(H53+H33+H13) -> 0.21534888
A54: Marion | B54: 11847.383 | C54: 13065.107 | D54: 13722.658 | E54: 13691.281 | F54: 13163.13 | G54: 12424.391 | H54: 11872.082 | L54: =B54/(B54+B34+B14) -> 0.18899869 | M54: =C54/(C54+C34+C14) -> 0.20857451 | N54: =D54/(D54+D34+D14) -> 0.21961172 | O54: =E54/(E54+E34+E14) -> 0.21880144 | P54: =F54/(F54+F34+F14) -> 0.21098816 | Q54: =G54/(G54+G34+G14) -> 0.20019643 | R54: =H54/(H54+H34+H14) -> 0.19231338
A55: Morrow | B55: 6150.5853 | C55: 7455.1425 | D55: 8446.8907 | E55: 9230.6733 | F55: 9721.5932 | G55: 9969.943 | H55: 10150.55 | L55: =B55/(B55+B35+B15) -> 0.19030865 | M55: =C55/(C55+C35+C15) -> 0.22060551 | N55: =D55/(D55+D35+D15) -> 0.24109864 | O55: =E55/(E55+E35+E15) -> 0.25146902 | P55: =F55/(F55+F35+F15) -> 0.25658766 | Q55: =G55/(G55+G35+G15) -> 0.25680506 | R55: =H55/(H55+H35+H15) -> 0.25530836
A56: Perry | B56: 5895.2318 | C56: 7014.7884 | D56: 7735.8422 | E56: 8219.8292 | F56: 8260.1183 | G56: 8184.7588 | H56: 8142.6328 | L56: =B56/(B56+B36+B16) -> 0.17984782 | M56: =C56/(C56+C36+C16) -> 0.20493101 | N56: =D56/(D56+D36+D16) -> 0.22238378 | O56: =E56/(E56+E36+E16) -> 0.23153144 | P56: =F56/(F56+F36+F16) -> 0.2292376 | Q56: =G56/(G56+G36+G16) -> 0.22440597 | R56: =H56/(H56+H36+H16) -> 0.22058984
... A59: Union | B59: 7944.9439 | C59: 9305.6452 | D59: 11038.195 | E59: 12295.93 | F59: 13041.512 | G59: 13626.922 | H59: 14362.516 | L59: =B59/(B59+B39+B19) -> 0.13216462 | M59: =C59/(C59+C39+C19) -> 0.14600526 | N59: =D59/(D59+D39+D19) -> 0.15807918 | O59: =E59/(E59+E39+E19) -> 0.16126022 | P59: =F59/(F59+F39+F19) -> 0.15847271 | Q59: =G59/(G59+G39+G19) -> 0.15458263 | R59: =H59/(H59+H39+H19) -> 0.15277322
A60: Total | B60: =SUM(B45:B59) -> 346533.09 | C60: =SUM(C45:C59) -> 404844.63 | D60: =SUM(D45:D59) -> 453403.25 | E60: =SUM(E45:E59) -> 487806.57 | F60: =SUM(F45:F59) -> 502946.21 | G60: =SUM(G45:G59) -> 510400.36 | H60: =SUM(H45:H59) -> 525918.4 | L60: =B60/(B60+B40+B20) -> 0.14568661 | M60: =C60/(C60+C40+C20) -> 0.16099193 | N60: =D60/(D60+D40+D20) -> 0.17198763 | O60: =E60/(E60+E40+E20) -> 0.17506344 | P60: =F60/(F60+F40+F20) -> 0.1731952 | Q60: =G60/(G60+G40+G20) -> 0.16984834 | R60: =H60/(H60+H40+H20) -> 0.16931547
B63: Updated May 12, 2023

Sheet Households and Housing Units
C1: County Growth Projections Households and Housing Units
A2: Households
B3: Estimate | C3: Projections | L3: Average Household Size (1)
A4: COUNTY | B4: 2020 | C4: 2025 | D4: 2030 | E4: 2035 | F4: 2040 | G4: 2045 | H4: 2050 | L4: 2020 | M4: 2025 | N4: 2030 | O4: 2035 | P4: 2040 | Q4: 2045 | R4: 2050
A5: Delaware | B5: 74757.394 | C5: 85864.789 | D5: 96455.986 | E5: 108058.8 | F5: 118505.63 | G5: 128374.3 | H5: 138242.96 | L5: ='Group Quarters and Households'!B25/'Households and Housing Units'!B5 -> 2.8267037 | M5: ='Group Quarters and Households'!C25/'Households and Housing Units'!C5 -> 2.8388703 | N5: ='Group Quarters and Households'!D25/'Households and Housing Units'!D5 -> 2.8389011 | O5: ='Group Quarters and Households'!E25/'Households and Housing Units'!E5 -> 2.8389913 | P5: ='Group Quarters and Households'!F25/'Households and Housing Units'!F5 -> 2.8391055 | Q5: ='Group Quarters and Households'!G25/'Households and Housing Units'!G5 -> 2.8391198 | R5: ='Group Quarters and Households'!H25/'Households and Housing Units'!H5 -> 2.839103
A6: Fairfield | B6: 58303.358 | C6: 61898.507 | D6: 65288.806 | E6: 69083.209 | F6: 72415.299 | G6: 75516.418 | H6: 78617.537 | L6: ='Group Quarters and Households'!B26/'Households and Housing Units'!B6 -> 2.6720073 | M6: ='Group Quarters and Households'!C26/'Households and Housing Units'!C6 -> 2.678966 | N6: ='Group Quarters and Households'!D26/'Households and Housing Units'!D6 -> 2.678744 | O6: ='Group Quarters and Households'!E26/'Households and Housing Units'!E6 -> 2.6788565 | P6: ='Group Quarters and Households'!F26/'Households and Housing Units'!F6 -> 2.6790886 | Q6: ='Group Quarters and Households'!G26/'Households and Housing Units'!G6 -> 2.6793247 | R6: ='Group Quarters and Households'!H26/'Households and Housing Units'!H6 -> 2.6794658
A7: Fayette | B7: 11875.104 | C7: 12071.784 | D7: 12314.938 | E7: 12570.539 | F7: 12811.203 | G7: 13044.813 | H7: 13278.838 | L7: ='Group Quarters and Households'!B27/'Households and Housing Units'!B7 -> 2.4098316 | M7: ='Group Quarters and Households'!C27/'Households and Housing Units'!C7 -> 2.4075149 | N7: ='Group Quarters and Households'!D27/'Households and Housing Units'!D7 -> 2.4061023 | O7: ='Group Quarters and Households'!E27/'Households and Housing Units'!E7 -> 2.4059429 | P7: ='Group Quarters and Households'!F27/'Households and Housing Units'!F7 -> 2.4062533 | Q7: ='Group Quarters and Households'!G27/'Households and Housing Units'!G7 -> 2.406857 | R7: ='Group Quarters and Households'!H27/'Households and Housing Units'!H7 -> 2.4074395
A8: Franklin | B8: 526242.28 | C8: 552519.92 | D8: 575160.57 | E8: 604077.24 | F8: 625821.14 | G8: 643977.64 | H8: 662134.15 | L8: ='Group Quarters and Households'!B28/'Households and Housing Units'!B8 -> 2.4593444 | M8: ='Group Quarters and Households'!C28/'Households and Housing Units'!C8 -> 2.4598172 | N8: ='Group Quarters and Households'!D28/'Households and Housing Units'!D8 -> 2.4597844 | O8: ='Group Quarters and Households'!E28/'Households and Housing Units'!E8 -> 2.4595779 | P8: ='Group Quarters and Households'!F28/'Households and Housing Units'!F8 -> 2.4594967 | Q8: ='Group Quarters and Households'!G28/'Households and Housing Units'!G8 -> 2.4593167 | R8: ='Group Quarters and Households'!H28/'Households and Housing Units'!H8 -> 2.459269
A9: Hocking | B9: 11423.237 | C9: 11409.544 | D9: 11326.556 | E9: 11272.199 | F9: 11190.456 | G9: 11093.361 | H9: 10996.68 | L9: ='Group Quarters and Households'!B29/'Households and Housing Units'!B9 -> 2.4137643 | M9: ='Group Quarters and Households'!C29/'Households and Housing Units'!C9 -> 2.4080718 | N9: ='Group Quarters and Households'!D29/'Households and Housing Units'!D9 -> 2.4072631 | O9: ='Group Quarters and Households'!E29/'Households and Housing Units'!E9 -> 2.406895 | P9: ='Group Quarters and Households'!F29/'Households and Housing Units'!F9 -> 2.406783 | Q9: ='Group Quarters and Households'!G29/'Households and Housing Units'!G9 -> 2.4069351 | R9: ='Group Quarters and Households'!H29/'Households and Housing Units'!H9 -> 2.4072719
A10: Knox | B10: 23410.317 | C10: 23929.365 | D10: 24370.238 | E10: 24994.841 | F10: 25409.524 | G10: 25719.841 | H10: 26030.556 | L10: ='Group Quarters and Households'!B30/'Households and Housing Units'!B10 -> 2.520897 | M10: ='Group Quarters and Households'!C30/'Households and Housing Units'!C10 -> 2.5253073 | N10: ='Group Quarters and Households'!D30/'Households and Housing Units'!D10 -> 2.5267295 | O10: ='Group Quarters and Households'!E30/'Households and Housing Units'!E10 -> 2.5274815 | P10: ='Group Quarters and Households'!F30/'Households and Housing Units'!F10 -> 2.5271627 | Q10: ='Group Quarters and Households'!G30/'Households and Housing Units'!G10 -> 2.5263375 | R10: ='Group Quarters and Households'!H30/'Households and Housing Units'!H10 -> 2.5256472
A11: Licking | B11: 65657.519 | C11: 70153.383 | D11: 73752.632 | E11: 79724.436 | F11: 82984.211 | G11: 84889.098 | H11: 86794.361 | L11: ='Group Quarters and Households'!B31/'Households and Housing Units'!B11 -> 2.6572128 | M11: ='Group Quarters and Households'!C31/'Households and Housing Units'!C11 -> 2.6598147 | N11: ='Group Quarters and Households'!D31/'Households and Housing Units'!D11 -> 2.6599593 | O11: ='Group Quarters and Households'!E31/'Households and Housing Units'!E11 -> 2.6599498 | P11: ='Group Quarters and Households'!F31/'Households and Housing Units'!F11 -> 2.6598433 | Q11: ='Group Quarters and Households'!G31/'Households and Housing Units'!G11 -> 2.659517 | R11: ='Group Quarters and Households'!H31/'Households and Housing Units'!H11 -> 2.6592972
A12: Logan | B12: 18911.203 | C12: 18923.651 | D12: 19051.452 | E12: 19197.925 | F12: 19318.672 | G12: 19432.365 | H12: 19546.058 | L12: ='Group Quarters and Households'!B32/'Households and Housing Units'!B12 -> 2.4137015 | M12: ='Group Quarters and Households'!C32/'Households and Housing Units'!C12 -> 2.407622 | N12: ='Group Quarters and Households'!D32/'Households and Housing Units'!D12 -> 2.4064307 | O12: ='Group Quarters and Households'!E32/'Households and Housing Units'!E12 -> 2.4060933 | P12: ='Group Quarters and Households'!F32/'Households and Housing Units'!F12 -> 2.4061695 | Q12: ='Group Quarters and Households'!G32/'Households and Housing Units'!G12 -> 2.4063978 | R12: ='Group Quarters and Households'!H32/'Households and Housing Units'!H12 -> 2.4067257
A13: Madison | B13: 14843.846 | C13: 15746.154 | D13: 16540.769 | E13: 17414.231 | F13: 18198.077 | G13: 18936.154 | H13: 19674.231 | L13: ='Group Quarters and Households'!B33/'Households and Housing Units'!B13 -> 2.60128 | M13: ='Group Quarters and Households'!C33/'Households and Housing Units'!C13 -> 2.6048901 | N13: ='Group Quarters and Households'!D33/'Households and Housing Units'!D13 -> 2.6087662 | O13: ='Group Quarters and Households'!E33/'Households and Housing Units'!E13 -> 2.6105661 | P13: ='Group Quarters and Households'!F33/'Households and Housing Units'!F13 -> 2.6090669 | Q13: ='Group Quarters and Households'!G33/'Households and Housing Units'!G13 -> 2.6076573 | R13: ='Group Quarters and Households'!H33/'Households and Housing Units'!H13 -> 2.6069634
A14: Marion | B14: 24667.355 | C14: 24649.174 | D14: 24590.909 | E14: 24623.14 | F14: 24552.893 | G14: 24429.339 | H14: 24305.785 | L14: ='Group Quarters and Households'!B34/'Households and Housing Units'!B14 -> 2.4217027 | M14: ='Group Quarters and Households'!C34/'Households and Housing Units'!C14 -> 2.4251929 | N14: ='Group Quarters and Households'!D34/'Households and Housing Units'!D14 -> 2.4264251 | O14: ='Group Quarters and Households'!E34/'Households and Housing Units'!E14 -> 2.42398 | P14: ='Group Quarters and Households'!F34/'Households and Housing Units'!F14 -> 2.4212626 | Q14: ='Group Quarters and Households'!G34/'Households and Housing Units'!G14 -> 2.4203684 | R14: ='Group Quarters and Households'!H34/'Households and Housing Units'!H14 -> 2.4204937
A15: Morrow | B15: 12992.135 | C15: 13535.206 | D15: 13996.255 | E15: 14617.603 | F15: 15056.18 | G15: 15403.745 | H15: 15751.311 | L15: ='Group Quarters and Households'!B35/'Households and Housing Units'!B15 -> 2.6683067 | M15: ='Group Quarters and Households'!C35/'Households and Housing Units'!C15 -> 2.6675619 | N15: ='Group Quarters and Households'!D35/'Households and Housing Units'!D15 -> 2.6664276 | O15: ='Group Quarters and Households'!E35/'Households and Housing Units'!E15 -> 2.6658954 | P15: ='Group Quarters and Households'!F35/'Households and Housing Units'!F15 -> 2.6656164 | Q15: ='Group Quarters and Households'!G35/'Households and Housing Units'!G15 -> 2.6655855 | R15: ='Group Quarters and Households'!H35/'Households and Housing Units'!H15 -> 2.6654924
A16: Perry | B16: 13000 | C16: 13521.111 | D16: 13724.815 | E16: 13987.407 | F16: 14182.222 | G16: 14343.704 | H16: 14505.185 | L16: ='Group Quarters and Households'!B36/'Households and Housing Units'!B16 -> 2.697 | M16: ='Group Quarters and Households'!C36/'Households and Housing Units'!C16 -> 2.6977073 | N16: ='Group Quarters and Households'!D36/'Households and Housing Units'!D16 -> 2.6965027 | O16: ='Group Quarters and Households'!E36/'Households and Housing Units'!E16 -> 2.6958534 | P16: ='Group Quarters and Households'!F36/'Households and Housing Units'!F16 -> 2.6959809 | Q16: ='Group Quarters and Households'!G36/'Households and Housing Units'!G16 -> 2.6962353 | R16: ='Group Quarters and Households'!H36/'Households and Housing Units'!H16 -> 2.696553
... A19: Union | B19: 22547.348 | C19: 23737.879 | D19: 25917.424 | E19: 28215.152 | F19: 30377.652 | G19: 32472.727 | H19: 34567.803 | L19: ='Group Quarters and Households'!B39/'Households and Housing Units'!B19 -> 2.6245658 | M19: ='Group Quarters and Households'!C39/'Households and Housing Units'!C19 -> 2.6389047 | N19: ='Group Quarters and Households'!D39/'Households and Housing Units'!D19 -> 2.6416591 | O19: ='Group Quarters and Households'!E39/'Households and Housing Units'!E19 -> 2.6431898 | P19: ='Group Quarters and Households'!F39/'Households and Housing Units'!F19 -> 2.6431602 | Q19: ='Group Quarters and Households'!G39/'Households and Housing Units'!G19 -> 2.641509 | R19: ='Group Quarters and Households'!H39/'Households and Housing Units'!H19 -> 2.6400289
A20: Total | B20: =SUM(B5:B19) -> 927777.8 | C20: =SUM(C5:C19) -> 978229.06 | D20: =SUM(D5:D19) -> 1023819.6 | E20: =SUM(E5:E19) -> 1080345.2 | F20: =SUM(F5:F19) -> 1124373.8 | G20: =SUM(G5:G19) -> 1162154.8 | H20: =SUM(H5:H19) -> 1199937.5 | L20: ='Group Quarters and Households'!B40/'Households and Housing Units'!B20 -> 2.5319198 | M20: ='Group Quarters and Households'!C40/'Households and Housing Units'!C20 -> 2.5373945 | N20: ='Group Quarters and Households'!D40/'Households and Housing Units'!D20 -> 2.5403842 | O20: ='Group Quarters and Households'!E40/'Households and Housing Units'!E20 -> 2.5430307 | P20: ='Group Quarters and Households'!F40/'Households and Housing Units'!F20 -> 2.5451971 | Q20: ='Group Quarters and Households'!G40/'Households and Housing Units'!G20 -> 2.5471021 | R20: ='Group Quarters and Households'!H40/'Households and Housing Units'!H20 -> 2.548987
A22: Housing Units
B23: Estimate | C23: Projections | L23: Occupancy Rate (2)
A24: COUNTY | B24: 2020 | C24: 2025 | D24: 2030 | E24: 2035 | F24: 2040 | G24: 2045 | H24: 2050 | L24: 2020 | M24: 2025 | N24: 2030 | O24: 2035 | P24: 2040 | Q24: 2045 | R24: 2050
A25: Delaware | B25: 78113.695 | C25: 89719.766 | D25: 100786.46 | E25: 112910.2 | F25: 123826.05 | G25: 134137.78 | H25: 144449.5 | L25: =B5/B25 -> 0.95703313 | M25: =C5/C25 -> 0.95703313 | N25: =D5/D25 -> 0.95703313 | O25: =E5/E25 -> 0.95703313 | P25: =F5/F25 -> 0.95703313 | Q25: =G5/G25 -> 0.95703313 | R25: =H5/H25 -> 0.95703313
A26: Fairfield | B26: 62896.442 | C26: 66774.814 | D26: 70432.197 | E26: 74525.52 | F26: 78120.108 | G26: 81465.531 | H26: 84810.953 | L26: =B6/B26 -> 0.92697387 | M26: =C6/C26 -> 0.92697387 | N26: =D6/D26 -> 0.92697387 | O26: =E6/E26 -> 0.92697387 | P26: =F6/F26 -> 0.92697387 | Q26: =G6/G26 -> 0.92697387 | R26: =H6/H26 -> 0.92697387
A27: Fayette | B27: 12959.717 | C27: 13174.362 | D27: 13439.724 | E27: 13718.671 | F27: 13981.316 | G27: 14236.263 | H27: 14491.662 | L27: =B7/B27 -> 0.91630885 | M27: =C7/C27 -> 0.91630885 | N27: =D7/D27 -> 0.91630885 | O27: =E7/E27 -> 0.91630885 | P27: =F7/F27 -> 0.91630885 | Q27: =G7/G27 -> 0.91630885 | R27: =H7/H27 -> 0.91630885
A28: Franklin | B28: 567026.19 | C28: 595340.35 | D28: 619735.66 | E28: 650893.38 | F28: 674322.44 | G28: 693886.07 | H28: 713449.71 | L28: =B8/B28 -> 0.92807403 | M28: =C8/C28 -> 0.92807403 | N28: =D8/D28 -> 0.92807403 | O28: =E8/E28 -> 0.92807403 | P28: =F8/F28 -> 0.92807403 | Q28: =G8/G28 -> 0.92807403 | R28: =H8/H28 -> 0.92807403
A29: Hocking | B29: 13309.115 | C29: 13293.162 | D29: 13196.474 | E29: 13133.143 | F29: 13037.905 | G29: 12924.78 | H29: 12812.139 | L29: =B9/B29 -> 0.8583017 | M29: =C9/C29 -> 0.8583017 | N29: =D9/D29 -> 0.8583017 | O29: =E9/E29 -> 0.8583017 | P29: =F9/F29 -> 0.8583017 | Q29: =G9/G29 -> 0.8583017 | R29: =H9/H29 -> 0.8583017
A30: Knox | B30: 26330.126 | C30: 26913.911 | D30: 27409.771 | E30: 28112.277 | F30: 28578.68 | G30: 28927.701 | H30: 29277.168 | L30: =B10/B30 -> 0.88910769 | M30: =C10/C30 -> 0.88910769 | N30: =D10/D30 -> 0.88910769 | O30: =E10/E30 -> 0.88910769 | P30: =F10/F30 -> 0.88910769 | Q30: =G10/G30 -> 0.88910769 | R30: =H10/H30 -> 0.88910769
A31: Licking | B31: 72346.915 | C31: 77300.832 | D31: 81266.783 | E31: 87847.014 | F31: 91438.904 | G31: 93537.868 | H31: 95637.245 | L31: =B11/B31 -> 0.90753724 | M31: =C11/C31 -> 0.90753724 | N31: =D11/D31 -> 0.90753724 | O31: =E11/E31 -> 0.90753724 | P31: =F11/F31 -> 0.90753724 | Q31: =G11/G31 -> 0.90753724 | R31: =H11/H31 -> 0.90753724
A32: Logan | B32: 23837.224 | C32: 23852.915 | D32: 24014.005 | E32: 24198.632 | F32: 24350.831 | G32: 24494.139 | H32: 24637.447 | L32: =B12/B32 -> 0.79334755 | M32: =C12/C32 -> 0.79334755 | N32: =D12/D32 -> 0.79334755 | O32: =E12/E32 -> 0.79334755 | P32: =F12/F32 -> 0.79334755 | Q32: =G12/G32 -> 0.79334755 | R32: =H12/H32 -> 0.79334755
A33: Madison | B33: 15956.863 | C33: 16926.827 | D33: 17781.024 | E33: 18719.979 | F33: 19562.599 | G33: 20356.019 | H33: 21149.438 | L33: =B13/B33 -> 0.9302484 | M33: =C13/C33 -> 0.9302484 | N33: =D13/D33 -> 0.9302484 | O33: =E13/E33 -> 0.9302484 | P33: =F13/F33 -> 0.9302484 | Q33: =G13/G33 -> 0.9302484 | R33: =H13/H33 -> 0.9302484
A34: Marion | B34: 27935.026 | C34: 27914.436 | D34: 27848.453 | E34: 27884.954 | F34: 27805.4 | G34: 27665.479 | H34: 27525.559 | L34: =B14/B34 -> 0.88302604 | M34: =C14/C34 -> 0.88302604 | N34: =D14/D34 -> 0.88302604 | O34: =E14/E34 -> 0.88302604 | P34: =F14/F34 -> 0.88302604 | Q34: =G14/G34 -> 0.88302604 | R34: =H14/H34 -> 0.88302604
A35: Morrow | B35: 14258.132 | C35: 14854.122 | D35: 15360.097 | E35: 16041.991 | F35: 16523.304 | G35: 16904.738 | H35: 17286.171 | L35: =B15/B35 -> 0.91120876 | M35: =C15/C35 -> 0.91120876 | N35: =D15/D35 -> 0.91120876 | O35: =E15/E35 -> 0.91120876 | P35: =F15/F35 -> 0.91120876 | Q35: =G15/G35 -> 0.91120876 | R35: =H15/H35 -> 0.91120876
A36: Perry | B36: 15109.942 | C36: 15715.632 | D36: 15952.397 | E36: 16257.609 | F36: 16484.043 | G36: 16671.734 | H36: 16859.424 | L36: =B16/B36 -> 0.86036065 | M36: =C16/C36 -> 0.86036065 | N36: =D16/D36 -> 0.86036065 | O36: =E16/E36 -> 0.86036065 | P36: =F16/F36 -> 0.86036065 | Q36: =G16/G36 -> 0.86036065 | R36: =H16/H36 -> 0.86036065
... A39: Union | B39: 23727.285 | C39: 24980.117 | D39: 27273.721 | E39: 29691.692 | F39: 31967.359 | G39: 34172.073 | H39: 36376.787 | L39: =B19/B39 -> 0.95027092 | M39: =C19/C39 -> 0.95027092 | N39: =D19/D39 -> 0.95027092 | O39: =E19/E39 -> 0.95027092 | P39: =F19/F39 -> 0.95027092 | Q39: =G19/G39 -> 0.95027092 | R39: =H19/H39 -> 0.95027092
A40: Total | B40: =SUM(B25:B39) -> 1007688 | C40: =SUM(C25:C39) -> 1061860.3 | D40: =SUM(D25:D39) -> 1110745.8 | E40: =SUM(E25:E39) -> 1171465.6 | F40: =SUM(F25:F39) -> 1218660.5 | G40: =SUM(G25:G39) -> 1259094.8 | H40: =SUM(H25:H39) -> 1299530.8 | L40: =B20/B40 -> 0.92069942 | M40: =C20/C40 -> 0.92124083 | N40: =D20/D40 -> 0.92174063 | O40: =E20/E40 -> 0.92221671 | P40: =F20/F40 -> 0.92263087 | Q40: =G20/G40 -> 0.92300825 | R40: =H20/H40 -> 0.92336209
A43: 1 | B43: Average Household Size is assumed as a fixed value, by county. See methods document for more information.
A44: 2 | B44: Occupancy rate is assumed as a fixed value, by county. See methods document for more information.
B46: Updated January 9, 2023

Sheet Residential Labor Force
C1: County Growth Projections Residential Labor Force
A2: Residential Labor Force
B3: Estimate | C3: Projections | L3: Share of 18 - 64 Population (1)
B4: 2020 | C4: 2025 | D4: 2030 | E4: 2035 | F4: 2040 | G4: 2045 | H4: 2050 | L4: 2020 | M4: 2025 | N4: 2030 | O4: 2035 | P4: 2040 | Q4: 2045 | R4: 2050
A5: Delaware | B5: 114891.03 | C5: 131476.76 | D5: 145904.4 | E5: 161284.48 | F5: 175629.36 | G5: 189645.64 | H5: 204383.62 | L5: =B5/'Population by Age'!B25 -> 0.88693597 | M5: =C5/'Population by Age'!C25 -> 0.89062518 | N5: =D5/'Population by Age'!D25 -> 0.89534971 | O5: =E5/'Population by Age'!E25 -> 0.89630374 | P5: =F5/'Population by Age'!F25 -> 0.90027094 | Q5: =G5/'Population by Age'!G25 -> 0.90011268 | R5: =H5/'Population by Age'!H25 -> 0.90262691
A6: Fairfield | B6: 79709.989 | C6: 83296.056 | D6: 86600.857 | E6: 91260.228 | F6: 96135.047 | G6: 101091.31 | H6: 105854.28 | L6: =B6/'Population by Age'!B26 -> 0.8340046 | M6: =C6/'Population by Age'!C26 -> 0.83873103 | N6: =D6/'Population by Age'!D26 -> 0.84453211 | O6: =E6/'Population by Age'!E26 -> 0.84439227 | P6: =F6/'Population by Age'!F26 -> 0.84191623 | Q6: =G6/'Population by Age'!G26 -> 0.83866058 | R6: =H6/'Population by Age'!H26 -> 0.83672657
A7: Fayette | B7: 13086.306 | C7: 13264.938 | D7: 13505.883 | E7: 13716.199 | F7: 13914.372 | G7: 14175.133 | H7: 14485.299 | L7: =B7/'Population by Age'!B27 -> 0.77087099 | M7: =C7/'Population by Age'!C27 -> 0.78033635 | N7: =D7/'Population by Age'!D27 -> 0.78195248 | O7: =E7/'Population by Age'!E27 -> 0.77919666 | P7: =F7/'Population by Age'!F27 -> 0.77712213 | Q7: =G7/'Population by Age'!G27 -> 0.77506331 | R7: =H7/'Population by Age'!H27 -> 0.77465635
A8: Franklin | B8: 726058.27 | C8: 752800.92 | D8: 777956.63 | E8: 816413.73 | F8: 849684.9 | G8: 878073.12 | H8: 902582.52 | L8: =B8/'Population by Age'!B28 -> 0.85783351 | M8: =C8/'Population by Age'!C28 -> 0.86425627 | N8: =D8/'Population by Age'!D28 -> 0.86720407 | O8: =E8/'Population by Age'!E28 -> 0.86368128 | P8: =F8/'Population by Age'!F28 -> 0.86249029 | Q8: =G8/'Population by Age'!G28 -> 0.85893855 | R8: =H8/'Population by Age'!H28 -> 0.85874611
A9: Hocking | B9: 13141.639 | C9: 12788.824 | D9: 12437.538 | E9: 12283.004 | F9: 12196.288 | G9: 12177.602 | H9: 12125.391 | L9: =B9/'Population by Age'!B29 -> 0.80034342 | M9: =C9/'Population by Age'!C29 -> 0.80417682 | N9: =D9/'Population by Age'!D29 -> 0.81338946 | O9: =E9/'Population by Age'!E29 -> 0.81490108 | P9: =F9/'Population by Age'!F29 -> 0.81656991 | Q9: =G9/'Population by Age'!G29 -> 0.81319543 | R9: =H9/'Population by Age'!H29 -> 0.80620949
A10: Knox | B10: 30472.511 | C10: 30473.189 | D10: 30471.211 | E10: 31056.438 | F10: 31734.466 | G10: 32525.099 | H10: 33238.261 | L10: =B10/'Population by Age'!B30 -> 0.84714106 | M10: =C10/'Population by Age'!C30 -> 0.86109211 | N10: =D10/'Population by Age'!D30 -> 0.86440699 | O10: =E10/'Population by Age'!E30 -> 0.86527466 | P10: =F10/'Population by Age'!F30 -> 0.86237306 | Q10: =G10/'Population by Age'!G30 -> 0.86040683 | R10: =H10/'Population by Age'!H30 -> 0.85882542
A11: Licking | B11: 89406.901 | C11: 93965.212 | D11: 97613.208 | E11: 105358.47 | F11: 110540.55 | G11: 114492.42 | H11: 117967.05 | L11: =B11/'Population by Age'!B31 -> 0.83716678 | M11: =C11/'Population by Age'!C31 -> 0.84445654 | N11: =D11/'Population by Age'!D31 -> 0.85077098 | O11: =E11/'Population by Age'!E31 -> 0.85101709 | P11: =F11/'Population by Age'!F31 -> 0.84851696 | Q11: =G11/'Population by Age'!G31 -> 0.8433878 | R11: =H11/'Population by Age'!H31 -> 0.84154581
A12: Logan | B12: 22388.944 | C12: 21992.315 | D12: 21828.746 | E12: 21857.745 | F12: 22077.095 | G12: 22453.776 | H12: 22801.514 | L12: =B12/'Population by Age'!B32 -> 0.83236463 | M12: =C12/'Population by Age'!C32 -> 0.84071697 | N12: =D12/'Population by Age'!D32 -> 0.84722474 | O12: =E12/'Population by Age'!E32 -> 0.8463793 | P12: =F12/'Population by Age'!F32 -> 0.84644946 | Q12: =G12/'Population by Age'!G32 -> 0.84635417 | R12: =H12/'Population by Age'!H32 -> 0.84256575
A13: Madison | B13: 19955.522 | C13: 20908.854 | D13: 21657.124 | E13: 22624.475 | F13: 23610.844 | G13: 24560.82 | H13: 25542.477 | L13: =B13/'Population by Age'!B33 -> 0.71772128 | M13: =C13/'Population by Age'!C33 -> 0.72281445 | N13: =D13/'Population by Age'!D33 -> 0.72716395 | O13: =E13/'Population by Age'!E33 -> 0.72850577 | P13: =F13/'Population by Age'!F33 -> 0.72512651 | Q13: =G13/'Population by Age'!G33 -> 0.72072363 | R13: =H13/'Population by Age'!H33 -> 0.71916202
A14: Marion | B14: 27946.556 | C14: 27272.521 | D14: 27069.157 | E14: 27464.071 | F14: 27754.515 | G14: 27739.503 | H14: 27541.577 | L14: =B14/'Population by Age'!B34 -> 0.70896157 | M14: =C14/'Population by Age'!C34 -> 0.71498849 | N14: =D14/'Population by Age'!D34 -> 0.72221011 | O14: =E14/'Population by Age'!E34 -> 0.72158038 | P14: =F14/'Population by Age'!F34 -> 0.71670794 | Q14: =G14/'Population by Age'!G34 -> 0.71068618 | R14: =H14/'Population by Age'!H34 -> 0.70566956
A15: Morrow | B15: 18035.828 | C15: 18578.313 | D15: 18773.04 | E15: 19295.43 | F15: 19800.099 | G15: 20351.247 | H15: 20982.376 | L15: =B15/'Population by Age'!B35 -> 0.86627417 | M15: =C15/'Population by Age'!C35 -> 0.87625284 | N15: =D15/'Population by Age'!D35 -> 0.87786019 | O15: =E15/'Population by Age'!E35 -> 0.87958383 | P15: =F15/'Population by Age'!F35 -> 0.88074814 | Q15: =G15/'Population by Age'!G35 -> 0.87917951 | R15: =H15/'Population by Age'!H35 -> 0.87568867
A16: Perry | B16: 15811.99 | C16: 16033.769 | D16: 15974.353 | E16: 16105.778 | F16: 16316.898 | G16: 16579.87 | H16: 16862.283 | L16: =B16/'Population by Age'!B36 -> 0.74874468 | M16: =C16/'Population by Age'!C36 -> 0.75702403 | N16: =D16/'Population by Age'!D36 -> 0.76039383 | O16: =E16/'Population by Age'!E36 -> 0.76074715 | P16: =F16/'Population by Age'!F36 -> 0.75691876 | Q16: =G16/'Population by Age'!G36 -> 0.75373325 | R16: =H16/'Population by Age'!H36 -> 0.75365528
... A19: Union | B19: 32882.176 | C19: 33740.532 | D19: 35959.183 | E19: 38741.017 | F19: 41973.974 | G19: 45509.674 | H19: 48938.99 | L19: =B19/'Population by Age'!B39 -> 0.82981316 | M19: =C19/'Population by Age'!C39 -> 0.82912794 | N19: =D19/'Population by Age'!D39 -> 0.83341097 | O19: =E19/'Population by Age'!E39 -> 0.83637774 | P19: =F19/'Population by Age'!F39 -> 0.83979861 | Q19: =G19/'Population by Age'!G39 -> 0.83894986 | R19: =H19/'Population by Age'!H39 -> 0.83682141
A20: Total | B20: =SUM(B5:B19) -> 1262535.5 | C20: =SUM(C5:C19) -> 1316066.3 | D20: =SUM(D5:D19) -> 1366083.2 | E20: =SUM(E5:E19) -> 1439248 | F20: =SUM(F5:F19) -> 1504751.9 | G20: =SUM(G5:G19) -> 1564248.9 | H20: =SUM(H5:H19) -> 1619518.8 | L20: =B20/'Population by Age'!B40 -> 0.8376934 | M20: =C20/'Population by Age'!C40 -> 0.84473312 | N20: =D20/'Population by Age'!D40 -> 0.84922418 | O20: =E20/'Population by Age'!E40 -> 0.84826212 | P20: =F20/'Population by Age'!F40 -> 0.84777525 | Q20: =G20/'Population by Age'!G40 -> 0.84524068 | R20: =H20/'Population by Age'!H40 -> 0.84502613
A22: Residential Employed Workers
B23: Estimate | C23: Projections | L23: Unemployment Rate
B24: 2020 | C24: 2025 | D24: 2030 | E24: 2035 | F24: 2040 | G24: 2045 | H24: 2050 | L24: 2020 | M24: 2025 | N24: 2030 | O24: 2035 | P24: 2040 | Q24: 2045 | R24: 2050
A25: Delaware | B25: 111823.5 | C25: 128006.63 | D25: 142088.17 | E25: 157109.94 | F25: 171104.14 | G25: 184757.85 | H25: 199090.56 | L25: =1-(B25/B5) -> 0.026699412 | M25: =1-(C25/C5) -> 0.026393528 | N25: =1-(D25/D5) -> 0.026155668 | O25: =1-(E25/E5) -> 0.02588306 | P25: =1-(F25/F5) -> 0.025765705 | Q25: =1-(G25/G5) -> 0.025773257 | R25: =1-(H25/H5) -> 0.02589765
A26: Fairfield | B26: 76347.247 | C26: 79760.693 | D26: 82935.604 | E26: 87410.685 | F26: 92080.633 | G26: 96820.909 | H26: 101371.46 | L26: =1-(B26/B6) -> 0.04218722 | M26: =1-(C26/C6) -> 0.042443333 | N26: =1-(D26/D6) -> 0.042323514 | O26: =1-(E26/E6) -> 0.04218204 | P26: =1-(F26/F6) -> 0.042174152 | Q26: =1-(G26/G6) -> 0.042242979 | R26: =1-(H26/H6) -> 0.042348945
A27: Fayette | B27: 12431.126 | C27: 12597.455 | D27: 12828.405 | E27: 13025.055 | F27: 13226.896 | G27: 13478.679 | H27: 13770.887 | L27: =1-(B27/B7) -> 0.050066105 | M27: =1-(C27/C7) -> 0.050319338 | N27: =1-(D27/D7) -> 0.050161686 | O27: =1-(E27/E7) -> 0.050388877 | P27: =1-(F27/F7) -> 0.049407606 | Q27: =1-(G27/G7) -> 0.049132108 | R27: =1-(H27/H7) -> 0.049319789
A28: Franklin | B28: 690360.95 | C28: 715734.89 | D28: 739552.42 | E28: 776337.46 | F28: 807962.49 | G28: 835003.08 | H28: 858361.98 | L28: =1-(B28/B8) -> 0.049165916 | M28: =1-(C28/C8) -> 0.049237492 | N28: =1-(D28/D8) -> 0.049365487 | O28: =1-(E28/E8) -> 0.04908818 | P28: =1-(F28/F8) -> 0.049103398 | Q28: =1-(G28/G8) -> 0.049050639 | R28: =1-(H28/H8) -> 0.048993343
A29: Hocking | B29: 12643.388 | C29: 12312.2 | D29: 11974.165 | E29: 11825.885 | F29: 11744.512 | G29: 11724.735 | H29: 11670.926 | L29: =1-(B29/B9) -> 0.037913933 | M29: =1-(C29/C9) -> 0.03726878 | N29: =1-(D29/D9) -> 0.037256034 | O29: =1-(E29/E9) -> 0.037215546 | P29: =1-(F29/F9) -> 0.037042143 | Q29: =1-(G29/G9) -> 0.037188501 | R29: =1-(H29/H9) -> 0.037480417
A30: Knox | B30: 29158.393 | C30: 29147.431 | D30: 29137.207 | E30: 29692.543 | F30: 30332.824 | G30: 31082.578 | H30: 31761.578 | L30: =1-(B30/B10) -> 0.043124714 | M30: =1-(C30/C10) -> 0.043505729 | N30: =1-(D30/D10) -> 0.043779157 | O30: =1-(E30/E10) -> 0.043916659 | P30: =1-(F30/F10) -> 0.044167826 | Q30: =1-(G30/G10) -> 0.044351002 | R30: =1-(H30/H10) -> 0.044427221
A31: Licking | B31: 85902.537 | C31: 90274.538 | D31: 93767.988 | E31: 101203.66 | F31: 106181.88 | G31: 109994.78 | H31: 113350.08 | L31: =1-(B31/B11) -> 0.039195675 | M31: =1-(C31/C11) -> 0.039277022 | N31: =1-(D31/D11) -> 0.039392416 | O31: =1-(E31/E11) -> 0.039434984 | P31: =1-(F31/F11) -> 0.039430457 | Q31: =1-(G31/G11) -> 0.039283345 | R31: =1-(H31/H11) -> 0.039137775
A32: Logan | B32: 21388.48 | C32: 21022.466 | D32: 20869.831 | E32: 20901.565 | F32: 21107.152 | G32: 21462.942 | H32: 21791.719 | L32: =1-(B32/B12) -> 0.044685598 | M32: =1-(C32/C12) -> 0.044099464 | N32: =1-(D32/D12) -> 0.043928976 | O32: =1-(E32/E12) -> 0.043745601 | P32: =1-(F32/F12) -> 0.043934342 | Q32: =1-(G32/G12) -> 0.044127711 | R32: =1-(H32/H12) -> 0.04428632
A33: Madison | B33: 19186.001 | C33: 20105.599 | D33: 20831.419 | E33: 21764.601 | F33: 22723.98 | G33: 23654.762 | H33: 24605.559 | L33: =1-(B33/B13) -> 0.038561812 | M33: =1-(C33/C13) -> 0.038416959 | N33: =1-(D33/D13) -> 0.03812626 | O33: =1-(E33/E13) -> 0.03800635 | P33: =1-(F33/F13) -> 0.037561754 | Q33: =1-(G33/G13) -> 0.036890396 | R33: =1-(H33/H13) -> 0.036680791
A34: Marion | B34: 26201.029 | C34: 25549.81 | D34: 25334.406 | E34: 25686.584 | F34: 25957.784 | G34: 25958.267 | H34: 25798.325 | L34: =1-(B34/B14) -> 0.06245946 | M34: =1-(C34/C14) -> 0.063166557 | N34: =1-(D34/D14) -> 0.064085901 | O34: =1-(E34/E14) -> 0.064720463 | P34: =1-(F34/F14) -> 0.064736548 | Q34: =1-(G34/G14) -> 0.064212977 | R34: =1-(H34/H14) -> 0.063295296
A35: Morrow | B35: 17535.005 | C35: 18063.127 | D35: 18272.944 | E35: 18785.608 | F35: 19265.302 | G35: 19803.766 | H35: 20422.376 | L35: =1-(B35/B15) -> 0.027768223 | M35: =1-(C35/C15) -> 0.0277305 | N35: =1-(D35/D15) -> 0.02663904 | O35: =1-(E35/E15) -> 0.026421905 | P35: =1-(F35/F15) -> 0.027009823 | Q35: =1-(G35/G15) -> 0.026901596 | R35: =1-(H35/H15) -> 0.026689066
A36: Perry | B36: 14855.114 | C36: 15057.065 | D36: 15009.652 | E36: 15144.063 | F36: 15335.683 | G36: 15578.479 | H36: 15843.427 | L36: =1-(B36/B16) -> 0.060515856 | M36: =1-(C36/C16) -> 0.060915417 | N36: =1-(D36/D16) -> 0.060390672 | O36: =1-(E36/E16) -> 0.0597124 | P36: =1-(F36/F16) -> 0.060134872 | Q36: =1-(G36/G16) -> 0.060398035 | R36: =1-(H36/H16) -> 0.060422223
... A39: Union | B39: 31920.045 | C39: 32773.431 | D39: 34938.226 | E39: 37625.143 | F39: 40733.21 | G39: 44136.471 | H39: 47472.25 | L39: =1-(B39/B19) -> 0.029259945 | M39: =1-(C39/C19) -> 0.028662904 | N39: =1-(D39/D19) -> 0.028392101 | O39: =1-(E39/E19) -> 0.02880342 | P39: =1-(F39/F19) -> 0.029560328 | Q39: =1-(G39/G19) -> 0.030173884 | R39: =1-(H39/H19) -> 0.029970776
A40: Total | B40: =SUM(B25:B39) -> 1205278.3 | C40: =SUM(C25:C39) -> 1256629.2 | D40: =SUM(D25:D39) -> 1304584.9 | E40: =SUM(E25:E39) -> 1374942 | F40: =SUM(F25:F39) -> 1437746.5 | G40: =SUM(G25:G39) -> 1494886.2 | H40: =SUM(H25:H39) -> 1548049.1 | L40: =1-(B40/B20) -> 0.045350971 | M40: =1-(C40/C20) -> 0.045162724 | N40: =1-(D40/D20) -> 0.045018035 | O40: =1-(E40/E20) -> 0.044680319 | P40: =1-(F40/F20) -> 0.044529182 | Q40: =1-(G40/G20) -> 0.044342498 | R40: =1-(H40/H20) -> 0.044130178
A43: 1 | B43: Labor force is estimated based on participation among age groups from ages 16 - 79, though the vast majority of people in the labor force are between the ages of 18 and 64.
B45: Updated January 9, 2023

Sheet Jobs
C1: County Growth Projections Jobs
A2: Total Jobs
B3: Estimate | C3: Projections
A4: COUNTY | B4: 2020 | C4: 2025 | D4: 2030 | E4: 2035 | F4: 2040 | G4: 2045 | H4: 2050
A5: Delaware | B5: 106696 | C5: 121218 | D5: 132462 | E5: 148477 | F5: 161827 | G5: 174856 | H5: 188531
A6: Fairfield | B6: 51509 | C6: 53452 | D6: 55158 | E6: 58409 | F6: 61560 | G6: 64759 | H6: 67829
A7: Fayette | B7: 12848 | C7: 13011 | D7: 13225 | E7: 13448 | F7: 13657 | G7: 13916 | H7: 14219
A8: Franklin | B8: 824085 | C8: 849281 | D8: 873481 | E8: 918793 | F8: 956545 | G8: 988822 | H8: 1016705
A9: Hocking | B9: 7768 | C9: 7544 | D9: 7360 | E9: 7233 | F9: 7182 | G9: 7171 | H9: 7139
A10: Knox | B10: 23528 | C10: 23348 | D10: 23291 | E10: 23697 | F10: 24218 | G10: 24824 | H10: 25366
A11: Licking | B11: 70505 | C11: 82013 | D11: 87277 | E11: 95383 | F11: 99471 | G11: 102599 | H11: 105352
A12: Logan | B12: 21357 | C12: 20975 | D12: 20833 | E12: 20845 | F12: 21051 | G12: 21407 | H12: 21736
A13: Madison | B13: 19474 | C13: 20333 | D13: 20996 | E13: 21976 | F13: 22952 | G13: 23895 | H13: 24862
A14: Marion | B14: 26815 | C14: 26071 | D14: 25845 | E14: 26169 | F14: 26446 | G14: 26446 | H14: 26287
A15: Morrow | B15: 7488 | C15: 7545 | D15: 7576 | E15: 7760 | F15: 7965 | G15: 8195 | H15: 8459
... A19: Union | B19: 38441 | C19: 39366 | D19: 41725 | E19: 45151 | F19: 48894 | G19: 52993 | H19: 57010
A20: Total | B20: =SUM(B5:B19) -> 1264858 | C20: =SUM(C5:C19) -> 1318618 | D20: =SUM(D5:D19) -> 1363930 | E20: =SUM(E5:E19) -> 1442903 | F20: =SUM(F5:F19) -> 1508418 | G20: =SUM(G5:G19) -> 1567572 | H20: =SUM(H5:H19) -> 1622141
A22: Office Jobs Jobs related to office industries and/or land uses (e.g. finance, headquarters, medical offices)
B23: Estimate | C23: Projections | K23: Share of Total Jobs (2)
A24: COUNTY | B24: 2020 | C24: 2025 | D24: 2030 | E24: 2035 | F24: 2040 | G24: 2045 | H24: 2050 | K24: 2020 | L24: 2025 | M24: 2030 | N24: 2035 | O24: 2040 | P24: 2045 | Q24: 2050
A25: Delaware | B25: 45294 | C25: 51459 | D25: 57034 | E25: 63032 | F25: 68700 | G25: 74231 | H25: 80036 | K25: =B25/(B25+B45+B65+B85+B105) -> 0.42451451 | L25: =C25/(C25+C45+C65+C85+C105) -> 0.42451616 | M25: =D25/(D25+D45+D65+D85+D105) -> 0.43056877 | N25: =E25/(E25+E45+E65+E85+E105) -> 0.42452366 | O25: =F25/(F25+F45+F65+F85+F105) -> 0.42452743 | P25: =G25/(G25+G45+G65+G85+G105) -> 0.42452647 | Q25: =H25/(H25+H45+H65+H85+H105) -> 0.42452435
A26: Fairfield | B26: 14629 | C26: 15180 | D26: 15755 | E26: 16588 | F26: 17484 | G26: 18392 | H26: 19264 | K26: =B26/(B26+B46+B66+B86+B106) -> 0.28400862 | L26: =C26/(C26+C46+C66+C86+C106) -> 0.28399312 | M26: =D26/(D26+D46+D66+D86+D106) -> 0.285634 | N26: =E26/(E26+E46+E66+E86+E106) -> 0.28399733 | O26: =F26/(F26+F46+F66+F86+F106) -> 0.28401559 | P26: =G26/(G26+G46+G66+G86+G106) -> 0.28400686 | Q26: =H26/(H26+H46+H66+H86+H106) -> 0.28400832
A27: Fayette | B27: 2972 | C27: 3009 | D27: 3064 | E27: 3111 | F27: 3159 | G27: 3219 | H27: 3289 | K27: =B27/(B27+B47+B67+B87+B107) -> 0.23132005 | L27: =C27/(C27+C47+C67+C87+C107) -> 0.23126585 | M27: =D27/(D27+D47+D67+D87+D107) -> 0.23168242 | N27: =E27/(E27+E47+E67+E87+E107) -> 0.23133551 | O27: =F27/(F27+F47+F67+F87+F107) -> 0.23130995 | P27: =G27/(G27+G47+G67+G87+G107) -> 0.23131647 | Q27: =H27/(H27+H47+H67+H87+H107) -> 0.23131022
A28: Franklin | B28: 374910 | C28: 386374 | D28: 398536 | E28: 417998 | F28: 435172 | G28: 449857 | H28: 462543 | K28: =B28/(B28+B48+B68+B88+B108) -> 0.45494093 | L28: =C28/(C28+C48+C68+C88+C108) -> 0.45494247 | M28: =D28/(D28+D48+D68+D88+D108) -> 0.45626178 | N28: =E28/(E28+E48+E68+E88+E108) -> 0.45494252 | O28: =F28/(F28+F48+F68+F88+F108) -> 0.45494148 | P28: =G28/(G28+G48+G68+G88+G108) -> 0.45494235 | Q28: =H28/(H28+H48+H68+H88+H108) -> 0.45494317
A29: Hocking | B29: 2109 | C29: 2049 | D29: 1991 | E29: 1964 | F29: 1951 | G29: 1948 | H29: 1938 | K29: =B29/(B29+B49+B69+B89+B109) -> 0.27149846 | L29: =C29/(C29+C49+C69+C89+C109) -> 0.27160657 | M29: =D29/(D29+D49+D69+D89+D109) -> 0.2705163 | N29: =E29/(E29+E49+E69+E89+E109) -> 0.27153325 | O29: =F29/(F29+F49+F69+F89+F109) -> 0.27165135 | P29: =G29/(G29+G49+G69+G89+G109) -> 0.2716497 | Q29: =H29/(H29+H49+H69+H89+H109) -> 0.27146659
A30: Knox | B30: 5707 | C30: 5665 | D30: 5649 | E30: 5749 | F30: 5876 | G30: 6023 | H30: 6154 | K30: =B30/(B30+B50+B70+B90+B110) -> 0.24256205 | L30: =C30/(C30+C50+C70+C90+C110) -> 0.2426332 | M30: =D30/(D30+D50+D70+D90+D110) -> 0.24254004 | N30: =E30/(E30+E50+E70+E90+E110) -> 0.24260455 | O30: =F30/(F30+F50+F70+F90+F110) -> 0.24262945 | P30: =G30/(G30+G50+G70+G90+G110) -> 0.2426281 | Q30: =H30/(H30+H50+H70+H90+H110) -> 0.24260822
A31: Licking | B31: 23241 | C31: 26769 | D31: 28496 | E31: 31029 | F31: 32376 | G31: 33407 | H31: 34314 | K31: =B31/(B31+B51+B71+B91+B111) -> 0.3296362 | L31: =C31/(C31+C51+C71+C91+C111) -> 0.32639947 | M31: =D31/(D31+D51+D71+D91+D111) -> 0.32650068 | N31: =E31/(E31+E51+E71+E91+E111) -> 0.32530954 | O31: =F31/(F31+F51+F71+F91+F111) -> 0.3254818 | P31: =G31/(G31+G51+G71+G91+G111) -> 0.32560746 | Q31: =H31/(H31+H51+H71+H91+H111) -> 0.3257081
A32: Logan | B32: 5201 | C32: 5109 | D32: 5071 | E32: 5077 | F32: 5128 | G32: 5214 | H32: 5294 | K32: =B32/(B32+B52+B72+B92+B112) -> 0.24352671 | L32: =C32/(C32+C52+C72+C92+C112) -> 0.24357569 | M32: =D32/(D32+D52+D72+D92+D112) -> 0.24341189 | N32: =E32/(E32+E52+E72+E92+E112) -> 0.24355961 | O32: =F32/(F32+F52+F72+F92+F112) -> 0.24359888 | P32: =G32/(G32+G52+G72+G92+G112) -> 0.24356519 | Q32: =H32/(H32+H52+H72+H92+H112) -> 0.24355907
A33: Madison | B33: 5037 | C33: 5260 | D33: 5444 | E33: 5684 | F33: 5938 | G33: 6180 | H33: 6431 | K33: =B33/(B33+B53+B73+B93+B113) -> 0.25865256 | L33: =C33/(C33+C53+C73+C93+C113) -> 0.25869277 | M33: =D33/(D33+D53+D73+D93+D113) -> 0.25928748 | N33: =E33/(E33+E53+E73+E93+E113) -> 0.2586458 | O33: =F33/(F33+F53+F73+F93+F113) -> 0.25871384 | P33: =G33/(G33+G53+G73+G93+G113) -> 0.25863151 | Q33: =H33/(H33+H53+H73+H93+H113) -> 0.25866785
A34: Marion | B34: 7759 | C34: 7543 | D34: 7473 | E34: 7572 | F34: 7652 | G34: 7651 | H34: 7605 | K34: =B34/(B34+B54+B74+B94+B114) -> 0.28935297 | L34: =C34/(C34+C54+C74+C94+C114) -> 0.2893253 | M34: =D34/(D34+D54+D74+D94+D114) -> 0.28914684 | N34: =E34/(E34+E54+E74+E94+E114) -> 0.28934999 | O34: =F34/(F34+F54+F74+F94+F114) -> 0.28934432 | P34: =G34/(G34+G54+G74+G94+G114) -> 0.28930651 | Q34: =H34/(H34+H54+H74+H94+H114) -> 0.2893065
A35: Morrow | B35: 1943 | C35: 1958 | D35: 1967 | E35: 2014 | F35: 2067 | G35: 2127 | H35: 2196 | K35: =B35/(B35+B55+B75+B95+B115) -> 0.25948184 | L35: =C35/(C35+C55+C75+C95+C115) -> 0.25950961 | M35: =D35/(D35+D55+D75+D95+D115) -> 0.25963569 | N35: =E35/(E35+E55+E75+E95+E115) -> 0.25953608 | O35: =F35/(F35+F55+F75+F95+F115) -> 0.25951036 | P35: =G35/(G35+G55+G75+G95+G115) -> 0.25954851 | Q35: =H35/(H35+H55+H75+H95+H115) -> 0.25960515
A36: Perry | B36: 2328 | C36: 2346 | D36: 2332 | E36: 2350 | F36: 2380 | G36: 2418 | H36: 2460 | K36: =B36/(B36+B56+B76+B96+B116) -> 0.32559441 | L36: =C36/(C36+C56+C76+C96+C116) -> 0.32583333 | M36: =D36/(D36+D56+D76+D96+D116) -> 0.32560737 | N36: =E36/(E36+E56+E76+E96+E116) -> 0.32575548 | O36: =F36/(F36+F56+F76+F96+F116) -> 0.32575965 | P36: =G36/(G36+G56+G76+G96+G116) -> 0.32574431 | Q36: =H36/(H36+H56+H76+H96+H116) -> 0.32582781
... A39: Union | B39: 12670 | C39: 12976 | D39: 13823 | E39: 14883 | F39: 16116 | G39: 17468 | H39: 18792 | K39: =B39/(B39+B59+B79+B99+B119) -> 0.329596 | L39: =C39/(C39+C59+C79+C99+C119) -> 0.32962455 | M39: =D39/(D39+D59+D79+D99+D119) -> 0.3312882 | N39: =E39/(E39+E59+E79+E99+E119) -> 0.32962725 | O39: =F39/(F39+F59+F79+F99+F119) -> 0.329611 | P39: =G39/(G39+G59+G79+G99+G119) -> 0.32962844 | Q39: =H39/(H39+H59+H79+H99+H119) -> 0.32962638
A40: Total | B40: =SUM(B25:B39) -> 519085 | C40: =SUM(C25:C39) -> 541012 | D40: =SUM(D25:D39) -> 562050 | E40: =SUM(E25:E39) -> 592725 | F40: =SUM(F25:F39) -> 620000 | G40: =SUM(G25:G39) -> 644439 | H40: =SUM(H25:H39) -> 666893 | J40: 0 | K40: =B40/(B40+B60+B80+B100+B120) -> 0.41038994 | L40: =C40/(C40+C60+C80+C100+C120) -> 0.41028713 | M40: =D40/(D40+D60+D80+D100+D120) -> 0.41208127 | N40: =E40/(E40+E60+E80+E100+E120) -> 0.41078645 | O40: =F40/(F40+F60+F80+F100+F120) -> 0.41102665 | P40: =G40/(G40+G60+G80+G100+G120) -> 0.41110648 | Q40: =H40/(H40+H60+H80+H100+H120) -> 0.41111901
A42: Industrial Jobs Jobs related to industrial industries and/or land uses (e.g. warehousing, manufacturing)
B43: Estimate | C43: Projections | K43: Share of Total Jobs
B44: 2020 | C44: 2025 | D44: 2030 | E44: 2035 | F44: 2040 | G44: 2045 | H44: 2050 | K44: 2020 | L44: 2025 | M44: 2030 | N44: 2035 | O44: 2040 | P44: 2045 | Q44: 2050
A45: Delaware | B45: 17983 | C45: 20432 | D45: 22644 | E45: 25026 | F45: 27276 | G45: 29472 | H45: 31778 | K45: =B45/(B25+B45+B65+B85+B105) -> 0.16854428 | L45: =C45/(C25+C45+C65+C85+C105) -> 0.16855583 | M45: =D45/(D25+D45+D65+D85+D105) -> 0.17094714 | N45: =E45/(E25+E45+E65+E85+E105) -> 0.16855136 | O45: =F45/(F25+F45+F65+F85+F105) -> 0.16855037 | P45: =G45/(G25+G45+G65+G85+G105) -> 0.16855012 | Q45: =H45/(H25+H45+H65+H85+H105) -> 0.16855583
A46: Fairfield | B46: 11631 | C46: 12071 | D46: 12527 | E46: 13191 | F46: 13902 | G46: 14625 | H46: 15317 | K46: =B46/(B26+B46+B66+B86+B106) -> 0.2258052 | L46: =C46/(C26+C46+C66+C86+C106) -> 0.22582878 | M46: =D46/(D26+D46+D66+D86+D106) -> 0.22711121 | N46: =E46/(E26+E46+E66+E86+E106) -> 0.22583848 | O46: =F46/(F26+F46+F66+F86+F106) -> 0.22582846 | P46: =G46/(G26+G46+G66+G86+G106) -> 0.22583734 | Q46: =H46/(H26+H46+H66+H86+H106) -> 0.22581787
A47: Fayette | B47: 4383 | C47: 4439 | D47: 4520 | E47: 4588 | F47: 4659 | G47: 4747 | H47: 4851 | K47: =B47/(B27+B47+B67+B87+B107) -> 0.34114259 | L47: =C47/(C27+C47+C67+C87+C107) -> 0.34117285 | M47: =D47/(D27+D47+D67+D87+D107) -> 0.34177694 | N47: =E47/(E27+E47+E67+E87+E107) -> 0.34116597 | O47: =F47/(F27+F47+F67+F87+F107) -> 0.34114374 | P47: =G47/(G27+G47+G67+G87+G107) -> 0.34111814 | Q47: =H47/(H27+H47+H67+H87+H107) -> 0.34116323
A48: Franklin | B48: 152138 | C48: 156790 | D48: 161726 | E48: 169623 | F48: 176594 | G48: 182552 | H48: 187699 | K48: =B48/(B28+B48+B68+B88+B108) -> 0.18461445 | L48: =C48/(C28+C48+C68+C88+C108) -> 0.18461499 | M48: =D48/(D28+D48+D68+D88+D108) -> 0.18515114 | N48: =E48/(E28+E48+E68+E88+E108) -> 0.18461503 | O48: =F48/(F28+F48+F68+F88+F108) -> 0.18461651 | P48: =G48/(G28+G48+G68+G88+G108) -> 0.18461563 | Q48: =H48/(H28+H48+H68+H88+H108) -> 0.18461501
A49: Hocking | B49: 1851 | C49: 1799 | D49: 1748 | E49: 1724 | F49: 1712 | G49: 1710 | H49: 1702 | K49: =B49/(B29+B49+B69+B89+B109) -> 0.23828527 | L49: =C49/(C29+C49+C69+C89+C109) -> 0.23846766 | M49: =D49/(D29+D49+D69+D89+D109) -> 0.2375 | N49: =E49/(E29+E49+E69+E89+E109) -> 0.238352 | O49: =F49/(F29+F49+F69+F89+F109) -> 0.23837371 | P49: =G49/(G29+G49+G69+G89+G109) -> 0.23846047 | Q49: =H49/(H29+H49+H69+H89+H109) -> 0.23840874
A50: Knox | B50: 7521 | C50: 7465 | D50: 7445 | E50: 7576 | F50: 7741 | G50: 7935 | H50: 8109 | K50: =B50/(B30+B50+B70+B90+B110) -> 0.31966168 | L50: =C50/(C30+C50+C70+C90+C110) -> 0.3197276 | M50: =D50/(D30+D50+D70+D90+D110) -> 0.31965137 | N50: =E50/(E30+E50+E70+E90+E110) -> 0.31970292 | O50: =F50/(F30+F50+F70+F90+F110) -> 0.31963829 | P50: =G50/(G30+G50+G70+G90+G110) -> 0.31965034 | Q50: =H50/(H30+H50+H70+H90+H110) -> 0.31967989
A51: Licking | B51: 18071 | C51: 25018 | D51: 27761 | E51: 30664 | F51: 31712 | G51: 32515 | H51: 33220 | K51: =B51/(B31+B51+B71+B91+B111) -> 0.25630806 | L51: =C51/(C31+C51+C71+C91+C111) -> 0.3050492 | M51: =D51/(D31+D51+D71+D91+D111) -> 0.31807922 | N51: =E51/(E31+E51+E71+E91+E111) -> 0.32148286 | O51: =F51/(F31+F51+F71+F91+F111) -> 0.31880649 | P51: =G51/(G31+G51+G71+G91+G111) -> 0.31691342 | Q51: =H51/(H31+H51+H71+H91+H111) -> 0.31532387
A52: Logan | B52: 8351 | C52: 8202 | D52: 8140 | E52: 8151 | F52: 8231 | G52: 8370 | H52: 8499 | K52: =B52/(B32+B52+B72+B92+B112) -> 0.39101934 | L52: =C52/(C32+C52+C72+C92+C112) -> 0.39103695 | M52: =D52/(D32+D52+D72+D92+D112) -> 0.39072625 | N52: =E52/(E32+E52+E72+E92+E112) -> 0.39102902 | O52: =F52/(F32+F52+F72+F92+F112) -> 0.3910028 | P52: =G52/(G32+G52+G72+G92+G112) -> 0.3909936 | Q52: =H52/(H32+H52+H72+H92+H112) -> 0.39101031
A53: Madison | B53: 9127 | C53: 9531 | D53: 9865 | E53: 10301 | F53: 10758 | G53: 11201 | H53: 11654 | K53: =B53/(B33+B53+B73+B93+B113) -> 0.46867618 | L53: =C53/(C33+C53+C73+C93+C113) -> 0.46874539 | M53: =D53/(D33+D53+D73+D93+D113) -> 0.4698514 | N53: =E53/(E33+E53+E73+E93+E113) -> 0.46873862 | O53: =F53/(F33+F53+F73+F93+F113) -> 0.46871732 | P53: =G53/(G33+G53+G73+G93+G113) -> 0.46875915 | Q53: =H53/(H33+H53+H73+H93+H113) -> 0.46874749
A54: Marion | B54: 8908 | C54: 8662 | D54: 8579 | E54: 8694 | F54: 8786 | G54: 8787 | H54: 8732 | K54: =B54/(B34+B54+B74+B94+B114) -> 0.33220213 | L54: =C54/(C34+C54+C74+C94+C114) -> 0.33224656 | M54: =D54/(D34+D54+D74+D94+D114) -> 0.33194041 | N54: =E54/(E34+E54+E74+E94+E114) -> 0.33222515 | O54: =F54/(F34+F54+F74+F94+F114) -> 0.33222415 | P54: =G54/(G34+G54+G74+G94+G114) -> 0.33226197 | Q54: =H54/(H34+H54+H74+H94+H114) -> 0.3321794
A55: Morrow | B55: 1939 | C55: 1955 | D55: 1963 | E55: 2010 | F55: 2064 | G55: 2123 | H55: 2192 | K55: =B55/(B35+B55+B75+B95+B115) -> 0.25894765 | L55: =C55/(C35+C55+C75+C95+C115) -> 0.25911199 | M55: =D55/(D35+D55+D75+D95+D115) -> 0.25910771 | N55: =E55/(E35+E55+E75+E95+E115) -> 0.25902062 | O55: =F55/(F35+F55+F75+F95+F115) -> 0.25913371 | P55: =G55/(G35+G55+G75+G95+G115) -> 0.2590604 | Q55: =H55/(H35+H55+H75+H95+H115) -> 0.25913229
A56: Perry | B56: 1822 | C56: 1835 | D56: 1825 | E56: 1838 | F56: 1862 | G56: 1893 | H56: 1924 | K56: =B56/(B36+B56+B76+B96+B116) -> 0.25482517 | L56: =C56/(C36+C56+C76+C96+C116) -> 0.25486111 | M56: =D56/(D36+D56+D76+D96+D116) -> 0.25481709 | N56: =E56/(E36+E56+E76+E96+E116) -> 0.25478237 | O56: =F56/(F36+F56+F76+F96+F116) -> 0.25485902 | P56: =G56/(G36+G56+G76+G96+G116) -> 0.25501819 | Q56: =H56/(H36+H56+H76+H96+H116) -> 0.25483444
... A59: Union | B59: 14970 | C59: 15331 | D59: 16334 | E59: 17584 | F59: 19042 | G59: 20637 | H59: 22203 | K59: =B59/(B39+B59+B79+B99+B119) -> 0.38942795 | L59: =C59/(C39+C59+C79+C99+C119) -> 0.38944775 | M59: =D59/(D39+D59+D79+D99+D119) -> 0.39146794 | N59: =E59/(E39+E59+E79+E99+E119) -> 0.38944874 | O59: =F59/(F39+F59+F79+F99+F119) -> 0.38945474 | P59: =G59/(G39+G59+G79+G99+G119) -> 0.38942879 | Q59: =H59/(H39+H59+H79+H99+H119) -> 0.38945799
A60: Total | B60: =SUM(B45:B59) -> 271473 | C60: =SUM(C45:C59) -> 286375 | D60: =SUM(D45:D59) -> 298045 | E60: =SUM(E45:E59) -> 314195 | F60: =SUM(F45:F59) -> 327874 | G60: =SUM(G45:G59) -> 340388 | H60: =SUM(H45:H59) -> 351959 | J60: 0 | K60: =B60/(B40+B60+B80+B100+B120) -> 0.21462725 | L60: =C60/(C40+C60+C80+C100+C120) -> 0.21717814 | M60: =D60/(D40+D60+D80+D100+D120) -> 0.21851928 | N60: =E60/(E40+E60+E80+E100+E120) -> 0.21775199 | O60: =F60/(F40+F60+F80+F100+F120) -> 0.21736283 | P60: =G60/(G40+G60+G80+G100+G120) -> 0.21714345 | Q60: =H60/(H40+H60+H80+H100+H120) -> 0.21697189
A62: Retail Goods Jobs Jobs related to retail goods industries and/or land uses (e.g. grocery stores, clothing stores, hardware stores)
B63: Estimate | C63: Projections | K63: Share of Total Jobs
A64: COUNTY | B64: 2020 | C64: 2025 | D64: 2030 | E64: 2035 | F64: 2040 | G64: 2045 | H64: 2050 | K64: 2020 | L64: 2025 | M64: 2030 | N64: 2035 | O64: 2040 | P64: 2045 | Q64: 2050
A65: Delaware | B65: 14066 | C65: 15980 | D65: 17710 | E65: 19573 | F65: 21332 | G65: 23050 | H65: 24853 | K65: =B65/(B25+B45+B65+B85+B105) -> 0.1318325 | L65: =C65/(C25+C45+C65+C85+C105) -> 0.13182861 | M65: =D65/(D25+D45+D65+D85+D105) -> 0.13369872 | N65: =E65/(E25+E45+E65+E85+E105) -> 0.13182513 | O65: =F65/(F25+F45+F65+F85+F105) -> 0.13181978 | P65: =G65/(G25+G45+G65+G85+G105) -> 0.13182276 | Q65: =H65/(H25+H45+H65+H85+H105) -> 0.13182447
A66: Fairfield | B66: 7878 | C66: 8174 | D66: 8483 | E66: 8932 | F66: 9414 | G66: 9903 | H66: 10373 | K66: =B66/(B26+B46+B66+B86+B106) -> 0.15294415 | L66: =C66/(C26+C46+C66+C86+C106) -> 0.15292225 | M66: =D66/(D26+D46+D66+D86+D106) -> 0.15379455 | N66: =E66/(E26+E46+E66+E86+E106) -> 0.15292164 | O66: =F66/(F26+F46+F66+F86+F106) -> 0.15292398 | P66: =G66/(G26+G46+G66+G86+G106) -> 0.15292083 | Q66: =H66/(H26+H46+H66+H86+H106) -> 0.15292869
A67: Fayette | B67: 2435 | C67: 2467 | D67: 2512 | E67: 2550 | F67: 2589 | G67: 2638 | H67: 2695 | K67: =B67/(B27+B47+B67+B87+B107) -> 0.18952366 | L67: =C67/(C27+C47+C67+C87+C107) -> 0.18960879 | M67: =D67/(D27+D47+D67+D87+D107) -> 0.18994329 | N67: =E67/(E27+E47+E67+E87+E107) -> 0.18961927 | O67: =F67/(F27+F47+F67+F87+F107) -> 0.18957311 | P67: =G67/(G27+G47+G67+G87+G107) -> 0.18956597 | Q67: =H67/(H27+H47+H67+H87+H107) -> 0.18953513
A68: Franklin | B68: 66029 | C68: 68046 | D68: 70188 | E68: 73616 | F68: 76641 | G68: 79227 | H68: 81461 | K68: =B68/(B28+B48+B68+B88+B108) -> 0.080124016 | L68: =C68/(C28+C48+C68+C88+C108) -> 0.080121891 | M68: =D68/(D28+D48+D68+D88+D108) -> 0.080354352 | N68: =E68/(E28+E48+E68+E88+E108) -> 0.080122509 | O68: =F68/(F28+F48+F68+F88+F108) -> 0.080122733 | P68: =G68/(G28+G48+G68+G88+G108) -> 0.080122611 | Q68: =H68/(H28+H48+H68+H88+H108) -> 0.080122553
A69: Hocking | B69: 1109 | C69: 1076 | D69: 1045 | E69: 1032 | F69: 1025 | G69: 1023 | H69: 1019 | K69: =B69/(B29+B49+B69+B89+B109) -> 0.14276519 | L69: =C69/(C29+C49+C69+C89+C109) -> 0.1426299 | M69: =D69/(D29+D49+D69+D89+D109) -> 0.1419837 | N69: =E69/(E29+E49+E69+E89+E109) -> 0.14267939 | O69: =F69/(F29+F49+F69+F89+F109) -> 0.14271791 | P69: =G69/(G29+G49+G69+G89+G109) -> 0.14265793 | Q69: =H69/(H29+H49+H69+H89+H109) -> 0.14273708
A70: Knox | B70: 2530 | C70: 2509 | D70: 2504 | E70: 2547 | F70: 2603 | G70: 2669 | H70: 2727 | K70: =B70/(B30+B50+B70+B90+B110) -> 0.10753145 | L70: =C70/(C30+C50+C70+C90+C110) -> 0.10746102 | M70: =D70/(D30+D50+D70+D90+D110) -> 0.10750934 | N70: =E70/(E30+E50+E70+E90+E110) -> 0.10748196 | O70: =F70/(F30+F50+F70+F90+F110) -> 0.10748204 | P70: =G70/(G30+G50+G70+G90+G110) -> 0.10751692 | Q70: =H70/(H30+H50+H70+H90+H110) -> 0.10750611
A71: Licking | B71: 8843 | C71: 9128 | D71: 9434 | E71: 10163 | F71: 10676 | G71: 11068 | H71: 11413 | K71: =B71/(B31+B51+B71+B91+B111) -> 0.12542373 | L71: =C71/(C31+C51+C71+C91+C111) -> 0.11129943 | M71: =D71/(D31+D51+D71+D91+D111) -> 0.10809262 | N71: =E71/(E31+E51+E71+E91+E111) -> 0.10654939 | O71: =F71/(F31+F51+F71+F91+F111) -> 0.10732776 | P71: =G71/(G31+G51+G71+G91+G111) -> 0.1078763 | Q71: =H71/(H31+H51+H71+H91+H111) -> 0.10833207
A72: Logan | B72: 2359 | C72: 2316 | D72: 2299 | E72: 2301 | F72: 2325 | G72: 2364 | H72: 2400 | K72: =B72/(B32+B52+B72+B92+B112) -> 0.11045559 | L72: =C72/(C32+C52+C72+C92+C112) -> 0.11041716 | M72: =D72/(D32+D52+D72+D92+D112) -> 0.11035377 | N72: =E72/(E32+E52+E72+E92+E112) -> 0.11038618 | O72: =F72/(F32+F52+F72+F92+F112) -> 0.11044606 | P72: =G72/(G32+G52+G72+G92+G112) -> 0.11043117 | Q72: =H72/(H32+H52+H72+H92+H112) -> 0.1104159
A73: Madison | B73: 1679 | C73: 1753 | D73: 1814 | E73: 1895 | F73: 1978 | G73: 2059 | H73: 2143 | K73: =B73/(B33+B53+B73+B93+B113) -> 0.086217521 | L73: =C73/(C33+C53+C73+C93+C113) -> 0.086214528 | M73: =D73/(D33+D53+D73+D93+D113) -> 0.086397409 | N73: =E73/(E33+E53+E73+E93+E113) -> 0.086230433 | O73: =F73/(F33+F53+F73+F93+F113) -> 0.086179854 | P73: =G73/(G33+G53+G73+G93+G113) -> 0.086168655 | Q73: =H73/(H33+H53+H73+H93+H113) -> 0.086195801
A74: Marion | B74: 3067 | C74: 2983 | D74: 2954 | E74: 2993 | F74: 3025 | G74: 3025 | H74: 3007 | K74: =B74/(B34+B54+B74+B94+B114) -> 0.11437628 | L74: =C74/(C34+C54+C74+C94+C114) -> 0.11441832 | M74: =D74/(D34+D54+D74+D94+D114) -> 0.11429677 | N74: =E74/(E34+E54+E74+E94+E114) -> 0.11437197 | O74: =F74/(F34+F54+F74+F94+F114) -> 0.11438403 | P74: =G74/(G34+G54+G74+G94+G114) -> 0.11438403 | Q74: =H74/(H34+H54+H74+H94+H114) -> 0.11439114
A75: Morrow | B75: 1367 | C75: 1377 | D75: 1385 | E75: 1416 | F75: 1454 | G75: 1496 | H75: 1544 | K75: =B75/(B35+B55+B75+B95+B115) -> 0.18255876 | L75: =C75/(C35+C55+C75+C95+C115) -> 0.18250497 | M75: =D75/(D35+D55+D75+D95+D115) -> 0.18281415 | N75: =E75/(E35+E55+E75+E95+E115) -> 0.18247423 | O75: =F75/(F35+F55+F75+F95+F115) -> 0.18254865 | P75: =G75/(G35+G55+G75+G95+G115) -> 0.18255034 | Q75: =H75/(H35+H55+H75+H95+H115) -> 0.18252749
A76: Perry | B76: 793 | C76: 799 | D76: 793 | E76: 800 | F76: 810 | G76: 823 | H76: 837 | K76: =B76/(B36+B56+B76+B96+B116) -> 0.11090909 | L76: =C76/(C36+C56+C76+C96+C116) -> 0.11097222 | M76: =D76/(D36+D56+D76+D96+D116) -> 0.11072326 | N76: =E76/(E36+E56+E76+E96+E116) -> 0.11089548 | O76: =F76/(F36+F56+F76+F96+F116) -> 0.11086778 | P76: =G76/(G36+G56+G76+G96+G116) -> 0.11087162 | Q76: =H76/(H36+H56+H76+H96+H116) -> 0.11086093
... A79: Union | B79: 3338 | C79: 3418 | D79: 3641 | E79: 3919 | F79: 4244 | G79: 4600 | H79: 4948 | K79: =B79/(B39+B59+B79+B99+B119) -> 0.08683437 | L79: =C79/(C39+C59+C79+C99+C119) -> 0.086826195 | M79: =D79/(D39+D59+D79+D99+D119) -> 0.087261833 | N79: =E79/(E39+E59+E79+E99+E119) -> 0.086797635 | O79: =F79/(F39+F59+F79+F99+F119) -> 0.086800016 | P79: =G79/(G39+G59+G79+G99+G119) -> 0.086803917 | Q79: =H79/(H39+H59+H79+H99+H119) -> 0.086791791
A80: Total | B80: =SUM(B65:B79) -> 121332 | C80: =SUM(C65:C79) -> 125852 | D80: =SUM(D65:D79) -> 130610 | E80: =SUM(E65:E79) -> 137666 | F80: =SUM(F65:F79) -> 144153 | G80: =SUM(G65:G79) -> 150082 | H80: =SUM(H65:H79) -> 155647 | J80: 0 | K80: =B80/(B40+B60+B80+B100+B120) -> 0.095925392 | L80: =C80/(C40+C60+C80+C100+C120) -> 0.095442349 | M80: =D80/(D40+D60+D80+D100+D120) -> 0.095760046 | N80: =E80/(E40+E60+E80+E100+E120) -> 0.095409047 | O80: =F80/(F40+F60+F80+F100+F120) -> 0.095565685 | P80: =G80/(G40+G60+G80+G100+G120) -> 0.095741695 | Q80: =H80/(H40+H60+H80+H100+H120) -> 0.095951585
A82: Retail Service Jobs Jobs related to retail services industries and/or land uses (e.g. restaurants, dry cleaners)
B83: Estimate | C83: Projections | K83: Share of Total Jobs
A84: COUNTY | B84: 2020 | C84: 2025 | D84: 2030 | E84: 2035 | F84: 2040 | G84: 2045 | H84: 2050 | K84: 2020 | L84: 2025 | M84: 2030 | N84: 2035 | O84: 2040 | P84: 2045 | Q84: 2050
A85: Delaware | B85: 17518 | C85: 19903 | D85: 20174 | E85: 24379 | F85: 26571 | G85: 28710 | H85: 30955 | K85: =B85/(B105+B85+B65+B45+B25) -> 0.1641861 | L85: =C85/(C105+C85+C65+C45+C25) -> 0.16419179 | M85: =D85/(D105+D85+D65+D45+D25) -> 0.15230028 | N85: =E85/(E105+E85+E65+E45+E25) -> 0.16419378 | O85: =F85/(F105+F85+F65+F45+F25) -> 0.16419386 | P85: =G85/(G105+G85+G65+G45+G25) -> 0.16419225 | Q85: =H85/(H105+H85+H65+H45+H25) -> 0.1641905
A86: Fairfield | B86: 9043 | C86: 9385 | D86: 9424 | E86: 10255 | F86: 10808 | G86: 11370 | H86: 11909 | K86: =B86/(B106+B86+B66+B46+B26) -> 0.17556155 | L86: =C86/(C106+C86+C66+C46+C26) -> 0.17557809 | M86: =D86/(D106+D86+D66+D46+D26) -> 0.17085464 | N86: =E86/(E106+E86+E66+E46+E26) -> 0.17557226 | O86: =F86/(F106+F86+F66+F46+F26) -> 0.17556855 | P86: =G86/(G106+G86+G66+G46+G26) -> 0.17557405 | Q86: =H86/(H106+H86+H66+H46+H26) -> 0.17557387
A87: Fayette | B87: 1337 | C87: 1353 | D87: 1355 | E87: 1398 | F87: 1421 | G87: 1447 | H87: 1479 | K87: =B87/(B107+B87+B67+B47+B27) -> 0.10406289 | L87: =C87/(C107+C87+C67+C47+C27) -> 0.10398893 | M87: =D87/(D107+D87+D67+D47+D27) -> 0.10245747 | N87: =E87/(E107+E87+E67+E47+E27) -> 0.10395598 | O87: =F87/(F107+F87+F67+F47+F27) -> 0.10404921 | P87: =G87/(G107+G87+G67+G47+G27) -> 0.10398103 | Q87: =H87/(H107+H87+H67+H47+H27) -> 0.10401575
A88: Franklin | B88: 87361 | C88: 90031 | D88: 90332 | E88: 97399 | F88: 101401 | G88: 104823 | H88: 107779 | K88: =B88/(B108+B88+B68+B48+B28) -> 0.1060097 | L88: =C88/(C108+C88+C68+C48+C28) -> 0.10600849 | M88: =D88/(D108+D88+D68+D48+D28) -> 0.1034161 | N88: =E88/(E108+E88+E68+E48+E28) -> 0.10600756 | O88: =F88/(F108+F88+F68+F48+F28) -> 0.10600756 | P88: =G88/(G108+G88+G68+G48+G28) -> 0.10600796 | Q88: =H88/(H108+H88+H68+H48+H28) -> 0.10600813
A89: Hocking | B89: 1289 | C89: 1251 | D89: 1247 | E89: 1200 | F89: 1191 | G89: 1189 | H89: 1185 | K89: =B89/(B109+B89+B69+B49+B29) -> 0.16593718 | L89: =C89/(C109+C89+C69+C49+C29) -> 0.16582715 | M89: =D89/(D109+D89+D69+D49+D29) -> 0.16942935 | N89: =E89/(E109+E89+E69+E49+E29) -> 0.16590626 | O89: =F89/(F109+F89+F69+F49+F29) -> 0.16583124 | P89: =G89/(G109+G89+G69+G49+G29) -> 0.16580672 | Q89: =H89/(H109+H89+H69+H49+H29) -> 0.16598963
A90: Knox | B90: 2394 | C90: 2374 | D90: 2373 | E90: 2410 | F90: 2464 | G90: 2525 | H90: 2580 | K90: =B90/(B110+B90+B70+B50+B30) -> 0.10175111 | L90: =C90/(C110+C90+C70+C50+C30) -> 0.10167894 | M90: =D90/(D110+D90+D70+D50+D30) -> 0.10188485 | N90: =E90/(E110+E90+E70+E50+E30) -> 0.10170064 | O90: =F90/(F110+F90+F70+F50+F30) -> 0.10174251 | P90: =G90/(G110+G90+G70+G50+G30) -> 0.10171608 | Q90: =H90/(H110+H90+H70+H50+H30) -> 0.10171095
A91: Licking | B91: 9341 | C91: 9752 | D91: 9867 | E91: 10905 | F91: 11447 | G91: 11861 | H91: 12225 | K91: =B91/(B111+B91+B71+B51+B31) -> 0.13248706 | L91: =C91/(C111+C91+C71+C51+C31) -> 0.11890798 | M91: =D91/(D111+D91+D71+D51+D31) -> 0.11305384 | N91: =E91/(E111+E91+E71+E51+E31) -> 0.11432855 | O91: =F91/(F111+F91+F71+F51+F31) -> 0.11507877 | P91: =G91/(G111+G91+G71+G51+G31) -> 0.11560542 | Q91: =H91/(H111+H91+H71+H51+H31) -> 0.11603956
A92: Logan | B92: 2383 | C92: 2340 | D92: 2338 | E92: 2325 | F92: 2347 | G92: 2388 | H92: 2424 | K92: =B92/(B112+B92+B72+B52+B32) -> 0.11157934 | L92: =C92/(C112+C92+C72+C52+C32) -> 0.11156138 | M92: =D92/(D112+D92+D72+D52+D32) -> 0.1122258 | N92: =E92/(E112+E92+E72+E52+E32) -> 0.11153754 | O92: =F92/(F112+F92+F72+F52+F32) -> 0.11149114 | P92: =G92/(G112+G92+G72+G52+G32) -> 0.1115523 | Q92: =H92/(H112+H92+H72+H52+H32) -> 0.11152006
A93: Madison | B93: 1644 | C93: 1716 | D93: 1726 | E93: 1855 | F93: 1937 | G93: 2017 | H93: 2098 | K93: =B93/(B113+B93+B73+B53+B33) -> 0.084420253 | L93: =C93/(C113+C93+C73+C53+C33) -> 0.084394826 | M93: =D93/(D113+D93+D73+D53+D33) -> 0.082206135 | N93: =E93/(E113+E93+E73+E53+E33) -> 0.084410266 | O93: =F93/(F113+F93+F73+F53+F33) -> 0.084393517 | P93: =G93/(G113+G93+G73+G53+G33) -> 0.084410965 | Q93: =H93/(H113+H93+H73+H53+H33) -> 0.08438581
A94: Marion | B94: 2573 | C94: 2500 | D94: 2498 | E94: 2510 | F94: 2537 | G94: 2537 | H94: 2523 | K94: =B94/(B114+B94+B74+B54+B34) -> 0.095953757 | L94: =C94/(C114+C94+C74+C54+C34) -> 0.095891987 | M94: =D94/(D114+D94+D74+D54+D34) -> 0.096653124 | N94: =E94/(E114+E94+E74+E54+E34) -> 0.095915014 | O94: =F94/(F114+F94+F74+F54+F34) -> 0.095931332 | P94: =G94/(G114+G94+G74+G54+G34) -> 0.095931332 | Q94: =H94/(H114+H94+H74+H54+H34) -> 0.095979001
A95: Morrow | B95: 1009 | C95: 1017 | D95: 1018 | E95: 1046 | F95: 1073 | G95: 1104 | H95: 1139 | K95: =B95/(B115+B95+B75+B55+B35) -> 0.13474893 | L95: =C95/(C115+C95+C75+C55+C35) -> 0.13479125 | M95: =D95/(D115+D95+D75+D55+D35) -> 0.1343717 | N95: =E95/(E115+E95+E75+E55+E35) -> 0.13479381 | O95: =F95/(F115+F95+F75+F55+F35) -> 0.13471438 | P95: =G95/(G115+G95+G75+G55+G35) -> 0.13471629 | Q95: =H95/(H115+H95+H75+H55+H35) -> 0.13464949
A96: Perry | B96: 879 | C96: 884 | D96: 883 | E96: 886 | F96: 897 | G96: 911 | H96: 927 | K96: =B96/(B116+B96+B76+B56+B36) -> 0.12293706 | L96: =C96/(C116+C96+C76+C56+C36) -> 0.12277778 | M96: =D96/(D116+D96+D76+D56+D36) -> 0.12328958 | N96: =E96/(E116+E96+E76+E56+E36) -> 0.12281675 | O96: =F96/(F116+F96+F76+F56+F36) -> 0.1227758 | P96: =G96/(G116+G96+G76+G56+G36) -> 0.12272666 | Q96: =H96/(H116+H96+H76+H56+H36) -> 0.12278146
... A99: Union | B99: 3483 | C99: 3565 | D99: 3584 | E99: 4090 | F99: 4429 | G99: 4800 | H99: 5164 | K99: =B99/(B119+B99+B79+B59+B39) -> 0.090606384 | L99: =C99/(C119+C99+C79+C59+C39) -> 0.090560382 | M99: =D99/(D119+D99+D79+D59+D39) -> 0.085895746 | N99: =E99/(E119+E99+E79+E59+E39) -> 0.090584926 | O99: =F99/(F119+F99+F79+F59+F39) -> 0.090583712 | P99: =G99/(G119+G99+G79+G59+G39) -> 0.090578001 | Q99: =H99/(H119+H99+H79+H59+H39) -> 0.0905806
A100: Total | B100: =SUM(B85:B99) -> 144787 | C100: =SUM(C85:C99) -> 150606 | D100: =SUM(D85:D99) -> 151359 | E100: =SUM(E85:E99) -> 165292 | F100: =SUM(F85:F99) -> 173250 | G100: =SUM(G85:G99) -> 180496 | H100: =SUM(H85:H99) -> 187279 | J100: 0 | K100: =B100/(B120+B100+B80+B60+B40) -> 0.11446898 | L100: =C100/(C120+C100+C80+C60+C40) -> 0.11421503 | M100: =D100/(D120+D100+D80+D60+D40) -> 0.1109727 | N100: =E100/(E120+E100+E80+E60+E40) -> 0.11455517 | O100: =F100/(F120+F100+F80+F60+F40) -> 0.11485543 | P100: =G100/(G120+G100+G80+G60+G40) -> 0.11514367 | Q100: =H100/(H120+H100+H80+H60+H40) -> 0.11545174
A102: Other Jobs Jobs related to other industries and/or land uses (e.g. hospitals, schools and universities, agriculture)
B103: Estimate | C103: Projections | K103: Share of Total Jobs
A104: COUNTY | B104: 2020 | C104: 2025 | D104: 2030 | E104: 2035 | F104: 2040 | G104: 2045 | H104: 2050 | K104: 2020 | L104: 2025 | M104: 2030 | N104: 2035 | O104: 2040 | P104: 2045 | Q104: 2050
A105: Delaware | B105: 11835 | C105: 13444 | D105: 14900 | E105: 16467 | F105: 17948 | G105: 19393 | H105: 20909 | K105: =B105/(B105+B85+B65+B45+B25) -> 0.11092262 | L105: =C105/(C105+C85+C65+C45+C25) -> 0.11090762 | M105: =D105/(D105+D85+D65+D45+D25) -> 0.11248509 | N105: =E105/(E105+E85+E65+E45+E25) -> 0.11090607 | O105: =F105/(F105+F85+F65+F45+F25) -> 0.11090856 | P105: =G105/(G105+G85+G65+G45+G25) -> 0.1109084 | Q105: =H105/(H105+H85+H65+H45+H25) -> 0.11090484
A106: Fairfield | B106: 8328 | C106: 8642 | D106: 8969 | E106: 9443 | F106: 9952 | G106: 10469 | H106: 10966 | K106: =B106/(B106+B86+B66+B46+B26) -> 0.16168048 | L106: =C106/(C106+C86+C66+C46+C26) -> 0.16167777 | M106: =D106/(D106+D86+D66+D46+D26) -> 0.16260561 | N106: =E106/(E106+E86+E66+E46+E26) -> 0.16167029 | O106: =F106/(F106+F86+F66+F46+F26) -> 0.16166342 | P106: =G106/(G106+G86+G66+G46+G26) -> 0.16166093 | Q106: =H106/(H106+H86+H66+H46+H26) -> 0.16167126
A107: Fayette | B107: 1721 | C107: 1743 | D107: 1774 | E107: 1801 | F107: 1829 | G107: 1865 | H107: 1905 | K107: =B107/(B107+B87+B67+B47+B27) -> 0.13395081 | L107: =C107/(C107+C87+C67+C47+C27) -> 0.13396357 | M107: =D107/(D107+D87+D67+D47+D27) -> 0.13413989 | N107: =E107/(E107+E87+E67+E47+E27) -> 0.13392326 | O107: =F107/(F107+F87+F67+F47+F27) -> 0.133924 | P107: =G107/(G107+G87+G67+G47+G27) -> 0.1340184 | Q107: =H107/(H107+H87+H67+H47+H27) -> 0.13397567
A108: Franklin | B108: 143647 | C108: 148040 | D108: 152699 | E108: 160157 | F108: 166737 | G108: 172363 | H108: 177223 | K108: =B108/(B108+B88+B68+B48+B28) -> 0.1743109 | L108: =C108/(C108+C88+C68+C48+C28) -> 0.17431215 | M108: =D108/(D108+D88+D68+D48+D28) -> 0.17481662 | N108: =E108/(E108+E88+E68+E48+E28) -> 0.17431239 | O108: =F108/(F108+F88+F68+F48+F28) -> 0.17431172 | P108: =G108/(G108+G88+G68+G48+G28) -> 0.17431145 | Q108: =H108/(H108+H88+H68+H48+H28) -> 0.17431113
A109: Hocking | B109: 1410 | C109: 1369 | D109: 1329 | E109: 1313 | F109: 1303 | G109: 1301 | H109: 1295 | K109: =B109/(B109+B89+B69+B49+B29) -> 0.1815139 | L109: =C109/(C109+C89+C69+C49+C29) -> 0.18146872 | M109: =D109/(D109+D89+D69+D49+D29) -> 0.18057065 | N109: =E109/(E109+E89+E69+E49+E29) -> 0.1815291 | O109: =F109/(F109+F89+F69+F49+F29) -> 0.18142579 | P109: =G109/(G109+G89+G69+G49+G29) -> 0.18142518 | Q109: =H109/(H109+H89+H69+H49+H29) -> 0.18139795
A110: Knox | B110: 5376 | C110: 5335 | D110: 5320 | E110: 5415 | F110: 5534 | G110: 5672 | H110: 5796 | K110: =B110/(B110+B90+B70+B50+B30) -> 0.22849371 | L110: =C110/(C110+C90+C70+C50+C30) -> 0.22849923 | M110: =D110/(D110+D90+D70+D50+D30) -> 0.22841441 | N110: =E110/(E110+E90+E70+E50+E30) -> 0.22850994 | O110: =F110/(F110+F90+F70+F50+F30) -> 0.22850772 | P110: =G110/(G110+G90+G70+G50+G30) -> 0.22848856 | Q110: =H110/(H110+H90+H70+H50+H30) -> 0.22849484
A111: Licking | B111: 11009 | C111: 11346 | D111: 11719 | E111: 12622 | F111: 13260 | G111: 13748 | H111: 14180 | K111: =B111/(B111+B91+B71+B51+B31) -> 0.15614495 | L111: =C111/(C111+C91+C71+C51+C31) -> 0.13834392 | M111: =D111/(D111+D91+D71+D51+D31) -> 0.13427363 | N111: =E111/(E111+E91+E71+E51+E31) -> 0.13232966 | O111: =F111/(F111+F91+F71+F51+F31) -> 0.13330518 | P111: =G111/(G111+G91+G71+G51+G31) -> 0.13399741 | Q111: =H111/(H111+H91+H71+H51+H31) -> 0.1345964
A112: Logan | B112: 3063 | C112: 3008 | D112: 2985 | E112: 2991 | F112: 3020 | G112: 3071 | H112: 3119 | K112: =B112/(B112+B92+B72+B52+B32) -> 0.14341902 | L112: =C112/(C112+C92+C72+C52+C32) -> 0.14340882 | M112: =D112/(D112+D92+D72+D52+D32) -> 0.14328229 | N112: =E112/(E112+E92+E72+E52+E32) -> 0.14348765 | O112: =F112/(F112+F92+F72+F52+F32) -> 0.14346112 | P112: =G112/(G112+G92+G72+G52+G32) -> 0.14345775 | Q112: =H112/(H112+H92+H72+H52+H32) -> 0.14349466
A113: Madison | B113: 1987 | C113: 2073 | D113: 2147 | E113: 2241 | F113: 2341 | G113: 2438 | H113: 2536 | K113: =B113/(B113+B93+B73+B53+B33) -> 0.10203348 | L113: =C113/(C113+C93+C73+C53+C33) -> 0.10195249 | M113: =D113/(D113+D93+D73+D53+D33) -> 0.10225757 | N113: =E113/(E113+E93+E73+E53+E33) -> 0.10197488 | O113: =F113/(F113+F93+F73+F53+F33) -> 0.10199547 | P113: =G113/(G113+G93+G73+G53+G33) -> 0.10202971 | Q113: =H113/(H113+H93+H73+H53+H33) -> 0.10200306
A114: Marion | B114: 4508 | C114: 4383 | D114: 4341 | E114: 4400 | F114: 4446 | G114: 4446 | H114: 4420 | K114: =B114/(B114+B94+B74+B54+B34) -> 0.16811486 | L114: =C114/(C114+C94+C74+C54+C34) -> 0.16811783 | M114: =D114/(D114+D94+D74+D54+D34) -> 0.16796286 | N114: =E114/(E114+E94+E74+E54+E34) -> 0.16813787 | O114: =F114/(F114+F94+F74+F54+F34) -> 0.16811616 | P114: =G114/(G114+G94+G74+G54+G34) -> 0.16811616 | Q114: =H114/(H114+H94+H74+H54+H34) -> 0.16814395
A115: Morrow | B115: 1230 | C115: 1238 | D115: 1243 | E115: 1274 | F115: 1307 | G115: 1345 | H115: 1388 | K115: =B115/(B115+B95+B75+B55+B35) -> 0.16426282 | L115: =C115/(C115+C95+C75+C55+C35) -> 0.16408217 | M115: =D115/(D115+D95+D75+D55+D35) -> 0.16407075 | N115: =E115/(E115+E95+E75+E55+E35) -> 0.16417526 | O115: =F115/(F115+F95+F75+F55+F35) -> 0.16409291 | P115: =G115/(G115+G95+G75+G55+G35) -> 0.16412447 | Q115: =H115/(H115+H95+H75+H55+H35) -> 0.16408559
A116: Perry | B116: 1328 | C116: 1336 | D116: 1329 | E116: 1340 | F116: 1357 | G116: 1378 | H116: 1402 | K116: =B116/(B116+B96+B76+B56+B36) -> 0.18573427 | L116: =C116/(C116+C96+C76+C56+C36) -> 0.18555556 | M116: =D116/(D116+D96+D76+D56+D36) -> 0.18556269 | N116: =E116/(E116+E96+E76+E56+E36) -> 0.18574993 | O116: =F116/(F116+F96+F76+F56+F36) -> 0.18573775 | P116: =G116/(G116+G96+G76+G56+G36) -> 0.18563923 | Q116: =H116/(H116+H96+H76+H56+H36) -> 0.18569536
...

Sheet All Data (Unformatted)
A1: COUNTY | B1: CATEGORY | C1: VARIABLE | D1: 2020 | E1: 2025 | F1: 2030 | G1: 2035 | H1: 2040 | I1: 2045 | J1: 2050
A2: 15-County Region | B2: Population in Households and Group Quarters | C2: Group Quarters Population | D2: 69903 | E2: 73176 | F2: 76188 | G2: 79887 | H2: 82800 | I2: 85321 | J2: 87840
A3: 10-County Region | B3: Population in Households and Group Quarters | C3: Group Quarters Population | D3: =SUM(D4,D5,D7,D9:D10,D12:D14,D16,D18) -> 62419 | E3: =SUM(E4,E5,E7,E9:E10,E12:E14,E16,E18) -> 65713 | F3: =SUM(F4,F5,F7,F9:F10,F12:F14,F16,F18) -> 68741 | G3: =SUM(G4,G5,G7,G9:G10,G12:G14,G16,G18) -> 72450 | H3: =SUM(H4,H5,H7,H9:H10,H12:H14,H16,H18) -> 75383 | I3: =SUM(I4,I5,I7,I9:I10,I12:I14,I16,I18) -> 77927 | J3: =SUM(J4,J5,J7,J9:J10,J12:J14,J16,J18) -> 80471
A4: Delaware | B4: Population in Households and Group Quarters | C4: Group Quarters Population | D4: 2739 | E4: 3160 | F4: 3549 | G4: 3976 | H4: 4361 | I4: 4724 | J4: 5087
A5: Fairfield | B5: Population in Households and Group Quarters | C5: Group Quarters Population | D5: 3095 | E5: 3295 | F5: 3475 | G5: 3677 | H5: 3855 | I5: 4020 | J5: 4185
A6: Fayette | B6: Population in Households and Group Quarters | C6: Group Quarters Population | D6: 320 | E6: 326 | F6: 332 | G6: 339 | H6: 345 | I6: 352 | J6: 358
A7: Franklin | B7: Population in Households and Group Quarters | C7: Group Quarters Population | D7: 29452 | E7: 30928 | F7: 32195 | G7: 33814 | H7: 35031 | I7: 36047 | J7: 37064
A8: Hocking | B8: Population in Households and Group Quarters | C8: Group Quarters Population | D8: 470 | E8: 468 | F8: 465 | G8: 463 | H8: 459 | I8: 455 | J8: 451
A9: Knox | B9: Population in Households and Group Quarters | C9: Group Quarters Population | D9: 3768 | E9: 3855 | F9: 3926 | G9: 4026 | H9: 4093 | I9: 4143 | J9: 4193
A10: Licking | B10: Population in Households and Group Quarters | C10: Group Quarters Population | D10: 4027 | E10: 4307 | F10: 4528 | G10: 4895 | H10: 5095 | I10: 5212 | J10: 5329
A11: Logan | B11: Population in Households and Group Quarters | C11: Group Quarters Population | D11: 490 | E11: 489 | F11: 493 | G11: 496 | H11: 500 | I11: 503 | J11: 505
A12: Madison | B12: Population in Households and Group Quarters | C12: Group Quarters Population | D12: 5229 | E12: 5547 | F12: 5827 | G12: 6135 | H12: 6411 | I12: 6671 | J12: 6931
A13: Marion | B13: Population in Households and Group Quarters | C13: Group Quarters Population | D13: 5667 | E13: 5663 | F13: 5650 | G13: 5658 | H13: 5641 | I13: 5613 | J13: 5585
A14: Morrow | B14: Population in Households and Group Quarters | C14: Group Quarters Population | D14: 275 | E14: 286 | F14: 296 | G14: 309 | H14: 319 | I14: 326 | J14: 333
A15: Perry | B15: Population in Households and Group Quarters | C15: Group Quarters Population | D15: 338 | E15: 352 | F15: 358 | G15: 365 | H15: 370 | I15: 374 | J15: 378
... A19: 15-County Region | B19: Population in Households and Group Quarters | C19: Household Population | D19: 2349059 | E19: 2482153 | F19: 2600895 | G19: 2747351 | H19: 2861753 | I19: 2960127 | J19: 3058625
A20: 10-County Region | B20: Population in Households and Group Quarters | C20: Household Population | D20: =SUM(D21,D22,D24,D26:D27,D29:D31,D33,D35) -> 2140902 | E20: =SUM(E21,E22,E24,E26:E27,E29:E31,E33,E35) -> 2272692 | F20: =SUM(F21,F22,F24,F26:F27,F29:F31,F33,F35) -> 2390570 | G20: =SUM(G21,G22,G24,G26:G27,G29:G31,G33,G35) -> 2535794 | H20: =SUM(H21,H22,H24,H26:H27,H29:H31,H33,H35) -> 2649400 | I20: =SUM(I21,I22,I24,I26:I27,I29:I31,I33,I35) -> 2747138 | J20: =SUM(J21,J22,J24,J26:J27,J29:J31,J33,J35) -> 2844996
A21: Delaware | B21: Population in Households and Group Quarters | C21: Household Population | D21: 211317 | E21: 243759 | F21: 273829 | G21: 306778 | H21: 336450 | I21: 364470 | J21: 392486
A22: Fairfield | B22: Population in Households and Group Quarters | C22: Household Population | D22: 155787 | E22: 165824 | F22: 174892 | G22: 185064 | H22: 194007 | I22: 202333 | J22: 210653
A23: Fayette | B23: Population in Households and Group Quarters | C23: Household Population | D23: 28617 | E23: 29063 | F23: 29631 | G23: 30244 | H23: 30827 | I23: 31397 | J23: 31968
A24: Franklin | B24: Population in Households and Group Quarters | C24: Household Population | D24: 1294211 | E24: 1359098 | F24: 1414771 | G24: 1485775 | H24: 1539205 | I24: 1583745 | J24: 1628366
A25: Hocking | B25: Population in Households and Group Quarters | C25: Household Population | D25: 27573 | E25: 27475 | F25: 27266 | G25: 27131 | H25: 26933 | I25: 26701 | J25: 26472
A26: Knox | B26: Population in Households and Group Quarters | C26: Household Population | D26: 59015 | E26: 60429 | F26: 61577 | G26: 63174 | H26: 64214 | I26: 64977 | J26: 65744
A27: Licking | B27: Population in Households and Group Quarters | C27: Household Population | D27: 174466 | E27: 186595 | F27: 196179 | G27: 212063 | H27: 220725 | I27: 225764 | J27: 230812
A28: Logan | B28: Population in Households and Group Quarters | C28: Household Population | D28: 45646 | E28: 45561 | F28: 45846 | G28: 46192 | H28: 46484 | I28: 46762 | J28: 47042
A29: Madison | B29: Population in Households and Group Quarters | C29: Household Population | D29: 38613 | E29: 41017 | F29: 43151 | G29: 45461 | H29: 47480 | I29: 49379 | J29: 51290
A30: Marion | B30: Population in Households and Group Quarters | C30: Household Population | D30: 59737 | E30: 59779 | F30: 59668 | G30: 59686 | H30: 59449 | I30: 59128 | J30: 58832
A31: Morrow | B31: Population in Households and Group Quarters | C31: Household Population | D31: 34667 | E31: 36106 | F31: 37320 | G31: 38969 | H31: 40134 | I31: 41060 | J31: 41985
A32: Perry | B32: Population in Households and Group Quarters | C32: Household Population | D32: 35061 | E32: 36476 | F32: 37009 | G32: 37708 | H32: 38235 | I32: 38674 | J32: 39114
... A36: 15-County Region | B36: Households and Housing Units | C36: Households | D36: 927795.44 | E36: 978229.06 | F36: 1023819.6 | G36: 1080345.2 | H36: 1124373.8 | I36: 1162154.8 | J36: 1199937.5
A37: 10-County Region | B37: Households and Housing Units | C37: Households | D37: =SUM(D38,D39,D41,D43:D44,D46:D48,D50,D52) -> 843439.22 | E37: =SUM(E38,E39,E41,E43:E44,E46:E48,E50,E52) -> 893302.15 | F37: =SUM(F38,F39,F41,F43:F44,F46:F48,F50,F52) -> 938547.29 | G37: =SUM(G38,G39,G41,G43:G44,G46:G48,G50,G52) -> 994586.8 | H37: =SUM(H38,H39,H41,H43:H44,H46:H48,H50,H52) -> 1038291.3 | I37: =SUM(I38,I39,I41,I43:I44,I46:I48,I50,I52) -> 1075826.7 | J37: =SUM(J38,J39,J41,J43:J44,J46:J48,J50,J52) -> 1113362.8
A38: Delaware | B38: Households and Housing Units | C38: Households | D38: 74761.62 | E38: 85864.789 | F38: 96455.986 | G38: 108058.8 | H38: 118505.63 | I38: 128374.3 | J38: 138242.96
A39: Fairfield | B39: Households and Housing Units | C39: Households | D39: 58306.716 | E39: 61898.507 | F39: 65288.806 | G39: 69083.209 | H39: 72415.299 | I39: 75516.418 | J39: 78617.537
A40: Fayette | B40: Households and Housing Units | C40: Households | D40: 11875.104 | E40: 12071.784 | F40: 12314.938 | G40: 12570.539 | H40: 12811.203 | I40: 13044.813 | J40: 13278.838
A41: Franklin | B41: Households and Housing Units | C41: Households | D41: 526244.31 | E41: 552519.92 | F41: 575160.57 | G41: 604077.24 | H41: 625821.14 | I41: 643977.64 | J41: 662134.15
A42: Hocking | B42: Households and Housing Units | C42: Households | D42: 11422.822 | E42: 11409.544 | F42: 11326.556 | G42: 11272.199 | H42: 11190.456 | I42: 11093.361 | J42: 10996.68
A43: Knox | B43: Households and Housing Units | C43: Households | D43: 23411.508 | E43: 23929.365 | F43: 24370.238 | G43: 24994.841 | H43: 25409.524 | I43: 25719.841 | J43: 26030.556
A44: Licking | B44: Households and Housing Units | C44: Households | D44: 65659.023 | E44: 70153.383 | F44: 73752.632 | G44: 79724.436 | H44: 82984.211 | I44: 84889.098 | J44: 86794.361
A45: Logan | B45: Households and Housing Units | C45: Households | D45: 18910.788 | E45: 18923.651 | F45: 19051.452 | G45: 19197.925 | H45: 19318.672 | I45: 19432.365 | J45: 19546.058
A46: Madison | B46: Households and Housing Units | C46: Households | D46: 14843.846 | E46: 15746.154 | F46: 16540.769 | G46: 17414.231 | H46: 18198.077 | I46: 18936.154 | J46: 19674.231
A47: Marion | B47: Households and Housing Units | C47: Households | D47: 24667.769 | E47: 24649.174 | F47: 24590.909 | G47: 24623.14 | H47: 24552.893 | I47: 24429.339 | J47: 24305.785
A48: Morrow | B48: Households and Housing Units | C48: Households | D48: 12992.135 | E48: 13535.206 | F48: 13996.255 | G48: 14617.603 | H48: 15056.18 | I48: 15403.745 | J48: 15751.311
A49: Perry | B49: Households and Housing Units | C49: Households | D49: 13000.37 | E49: 13521.111 | F49: 13724.815 | G49: 13987.407 | H49: 14182.222 | I49: 14343.704 | J49: 14505.185
... A53: 15-County Region | B53: Households and Housing Units | C53: Housing Units | D53: 1007706.7 | E53: 1023642.6 | F53: 1073184.3 | G53: 1129047.8 | H53: 1175283.6 | I53: 1215617.4 | J53: 1252563.6
A54: 10-County Region | B54: Households and Housing Units | C54: Housing Units | D54: =SUM(D55,D56,D58,D60:D61,D63:D65,D67,D69) -> 910357.31 | E54: =SUM(E55,E56,E58,E60:E61,E63:E65,E67,E69) -> 934773.02 | F54: =SUM(F55,F56,F58,F60:F61,F63:F65,F67,F69) -> 983800.56 | G54: =SUM(G55,G56,G58,G60:G61,G63:G65,G67,G69) -> 1039423.3 | H54: =SUM(H55,H56,H58,H60:H61,H63:H65,H67,H69) -> 1085303.4 | I54: =SUM(I55,I56,I58,I60:I61,I63:I65,I67,I69) -> 1125317.8 | J54: =SUM(J55,J56,J58,J60:J61,J63:J65,J67,J69) -> 1162191.9
A55: Delaware | B55: Households and Housing Units | C55: Housing Units | D55: 78118.11 | E55: 89850.996 | F55: 101106.74 | G55: 112930.16 | H55: 123871.37 | I55: 134279.89 | J55: 144305.93
A56: Fairfield | B56: Households and Housing Units | C56: Housing Units | D56: 62900.065 | E56: 64772.098 | F56: 68436.79 | G56: 72197.52 | H56: 75694.141 | I56: 78990.394 | J56: 82065.495
A57: Fayette | B57: Households and Housing Units | C57: Housing Units | D57: 12959.717 | E57: 12632.208 | F57: 12908.718 | G57: 13137.227 | H57: 13391.273 | I57: 13644.913 | J57: 13861.213
A58: Franklin | B58: Households and Housing Units | C58: Housing Units | D58: 567028.38 | E58: 578170.23 | F58: 602892.68 | G58: 631309.38 | H58: 654157.26 | I58: 673602.5 | J58: 691173.6
A59: Hocking | B59: Households and Housing Units | C59: Housing Units | D59: 13308.632 | E59: 11939.223 | F59: 11872.681 | G59: 11780.356 | H59: 11697.141 | I59: 11603.688 | J59: 11478.966
A60: Knox | B60: Households and Housing Units | C60: Housing Units | D60: 26331.465 | E60: 25040.268 | F60: 25545.281 | G60: 26121.623 | H60: 26560.024 | I60: 26903.029 | J60: 27172.187
A61: Licking | B61: Households and Housing Units | C61: Housing Units | D61: 72348.571 | E61: 73410.201 | F61: 77308.71 | G61: 83318.46 | H61: 86741.596 | I61: 88794.245 | J61: 90600.932
A62: Logan | B62: Households and Housing Units | C62: Housing Units | D62: 23836.701 | E62: 19802.167 | F62: 19970.043 | G62: 20063.379 | H62: 20193.389 | I62: 20326.311 | J62: 20403.297
A63: Madison | B63: Households and Housing Units | C63: Housing Units | D63: 15956.863 | E63: 16477.157 | F63: 17338.304 | G63: 18199.274 | H63: 19022.055 | I63: 19807.272 | J63: 20537.091
A64: Marion | B64: Households and Housing Units | C64: Housing Units | D64: 27935.494 | E64: 25793.493 | F64: 25776.591 | G64: 25733.166 | H64: 25664.606 | I64: 25553.16 | J64: 25371.773
A65: Morrow | B65: Households and Housing Units | C65: Housing Units | D65: 14258.132 | E65: 14163.568 | F65: 14671.102 | G65: 15276.573 | H65: 15737.898 | I65: 16112.363 | J65: 16442.122
A66: Perry | B66: Households and Housing Units | C66: Housing Units | D66: 15110.373 | E66: 14148.818 | F66: 14386.574 | G66: 14617.968 | H66: 14824.369 | I66: 15003.556 | J66: 15141.344
... A69: Union | B69: Households and Housing Units | C69: Housing Units | D69: 23733.662 | E69: 24839.892 | F69: 27167.066 | G69: 29487.107 | H69: 31753.1 | I69: 33966.568 | J69: 36083.855
A70: 15-County Region | B70: Employment | C70: Industrial Employment | D70: =SUM(D72:D86) -> 271473 | E70: =SUM(E72:E86) -> 286375 | F70: =SUM(F72:F86) -> 298045 | G70: =SUM(G72:G86) -> 314195 | H70: =SUM(H72:H86) -> 327874 | I70: =SUM(I72:I86) -> 340388 | J70: =SUM(J72:J86) -> 351959
A71: 10-County Region | B71: Employment | C71: Industrial Employment | D71: =SUM(D72,D73,D75,D77:D78,D80:D82,D84,D86) -> 247237 | E71: =SUM(E72,E73,E75,E77:E78,E80:E82,E84,E86) -> 262461 | F71: =SUM(F72,F73,F75,F77:F78,F80:F82,F84,F86) -> 274305 | G71: =SUM(G72,G73,G75,G77:G78,G80:G82,G84,G86) -> 290443 | H71: =SUM(H72,H73,H75,H77:H78,H80:H82,H84,H86) -> 303964 | I71: =SUM(I72,I73,I75,I77:I78,I80:I82,I84,I86) -> 316226 | J71: =SUM(J72,J73,J75,J77:J78,J80:J82,J84,J86) -> 327549
A72: Delaware | B72: Employment | C72: Industrial Employment | D72: =Jobs!B45 -> 17983 | E72: =Jobs!C45 -> 20432 | F72: =Jobs!D45 -> 22644 | G72: =Jobs!E45 -> 25026 | H72: =Jobs!F45 -> 27276 | I72: =Jobs!G45 -> 29472 | J72: =Jobs!H45 -> 31778
A73: Fairfield | B73: Employment | C73: Industrial Employment | D73: =Jobs!B46 -> 11631 | E73: =Jobs!C46 -> 12071 | F73: =Jobs!D46 -> 12527 | G73: =Jobs!E46 -> 13191 | H73: =Jobs!F46 -> 13902 | I73: =Jobs!G46 -> 14625 | J73: =Jobs!H46 -> 15317
A74: Fayette | B74: Employment | C74: Industrial Employment | D74: =Jobs!B47 -> 4383 | E74: =Jobs!C47 -> 4439 | F74: =Jobs!D47 -> 4520 | G74: =Jobs!E47 -> 4588 | H74: =Jobs!F47 -> 4659 | I74: =Jobs!G47 -> 4747 | J74: =Jobs!H47 -> 4851
A75: Franklin | B75: Employment | C75: Industrial Employment | D75: =Jobs!B48 -> 152138 | E75: =Jobs!C48 -> 156790 | F75: =Jobs!D48 -> 161726 | G75: =Jobs!E48 -> 169623 | H75: =Jobs!F48 -> 176594 | I75: =Jobs!G48 -> 182552 | J75: =Jobs!H48 -> 187699
A76: Hocking | B76: Employment | C76: Industrial Employment | D76: =Jobs!B49 -> 1851 | E76: =Jobs!C49 -> 1799 | F76: =Jobs!D49 -> 1748 | G76: =Jobs!E49 -> 1724 | H76: =Jobs!F49 -> 1712 | I76: =Jobs!G49 -> 1710 | J76: =Jobs!H49 -> 1702
A77: Knox | B77: Employment | C77: Industrial Employment | D77: =Jobs!B50 -> 7521 | E77: =Jobs!C50 -> 7465 | F77: =Jobs!D50 -> 7445 | G77: =Jobs!E50 -> 7576 | H77: =Jobs!F50 -> 7741 | I77: =Jobs!G50 -> 7935 | J77: =Jobs!H50 -> 8109
A78: Licking | B78: Employment | C78: Industrial Employment | D78: =Jobs!B51 -> 18071 | E78: =Jobs!C51 -> 25018 | F78: =Jobs!D51 -> 27761 | G78: =Jobs!E51 -> 30664 | H78: =Jobs!F51 -> 31712 | I78: =Jobs!G51 -> 32515 | J78: =Jobs!H51 -> 33220
A79: Logan | B79: Employment | C79: Industrial Employment | D79: =Jobs!B52 -> 8351 | E79: =Jobs!C52 -> 8202 | F79: =Jobs!D52 -> 8140 | G79: =Jobs!E52 -> 8151 | H79: =Jobs!F52 -> 8231 | I79: =Jobs!G52 -> 8370 | J79: =Jobs!H52 -> 8499
A80: Madison | B80: Employment | C80: Industrial Employment | D80: =Jobs!B53 -> 9127 | E80: =Jobs!C53 -> 9531 | F80: =Jobs!D53 -> 9865 | G80: =Jobs!E53 -> 10301 | H80: =Jobs!F53 -> 10758 | I80: =Jobs!G53 -> 11201 | J80: =Jobs!H53 -> 11654
A81: Marion | B81: Employment | C81: Industrial Employment | D81: =Jobs!B54 -> 8908 | E81: =Jobs!C54 -> 8662 | F81: =Jobs!D54 -> 8579 | G81: =Jobs!E54 -> 8694 | H81: =Jobs!F54 -> 8786 | I81: =Jobs!G54 -> 8787 | J81: =Jobs!H54 -> 8732
A82: Morrow | B82: Employment | C82: Industrial Employment | D82: =Jobs!B55 -> 1939 | E82: =Jobs!C55 -> 1955 | F82: =Jobs!D55 -> 1963 | G82: =Jobs!E55 -> 2010 | H82: =Jobs!F55 -> 2064 | I82: =Jobs!G55 -> 2123 | J82: =Jobs!H55 -> 2192
A83: Perry | B83: Employment | C83: Industrial Employment | D83: =Jobs!B56 -> 1822 | E83: =Jobs!C56 -> 1835 | F83: =Jobs!D56 -> 1825 | G83: =Jobs!E56 -> 1838 | H83: =Jobs!F56 -> 1862 | I83: =Jobs!G56 -> 1893 | J83: =Jobs!H56 -> 1924
... A86: Union | B86: Employment | C86: Industrial Employment | D86: =Jobs!B59 -> 14970 | E86: =Jobs!C59 -> 15331 | F86: =Jobs!D59 -> 16334 | G86: =Jobs!E59 -> 17584 | H86: =Jobs!F59 -> 19042 | I86: =Jobs!G59 -> 20637 | J86: =Jobs!H59 -> 22203
A87: 15-County Region | B87: Residential Labor Force | C87: Labor Force | D87: 1261503.4 | E87: 1315849.8 | F87: 1365890.9 | G87: 1438989.9 | H87: 1504347.6 | I87: 1563711.2 | J87: 1618862.1
A88: 10-County Region | B88: Residential Labor Force | C88: Labor Force | D88: =SUM(D89,D90,D92,D94:D95,D97:D99,D101,D103) -> 1164245 | E88: =SUM(E89,E90,E92,E94:E95,E97:E99,E101,E103) -> 1219799.1 | F88: =SUM(F89,F90,F92,F94:F95,F97:F99,F101,F103) -> 1270701.7 | G88: =SUM(G89,G90,G92,G94:G95,G97:G99,G101,G103) -> 1343799.6 | H88: =SUM(H89,H90,H92,H94:H95,H97:H99,H101,H103) -> 1408645 | I88: =SUM(I89,I90,I92,I94:I95,I97:I99,I101,I103) -> 1467145.8 | J88: =SUM(J89,J90,J92,J94:J95,J97:J99,J101,J103) -> 1521444.4
A89: Delaware | B89: Residential Labor Force | C89: Labor Force | D89: 114389.92 | E89: 131186.63 | F89: 145617.02 | G89: 160908.83 | H89: 175060.98 | I89: 188910.13 | J89: 203501.87
A90: Fairfield | B90: Residential Labor Force | C90: Labor Force | D90: 79491.903 | E90: 83279.83 | F90: 86584.286 | G90: 91240.899 | H90: 96110.935 | I90: 101063.43 | J90: 105823.14
A91: Fayette | B91: Residential Labor Force | C91: Labor Force | D91: 13091.732 | E91: 13259.188 | F91: 13500.824 | G91: 13710.654 | H91: 13907.414 | I91: 14167.661 | J91: 14477.231
A92: Franklin | B92: Residential Labor Force | C92: Labor Force | D92: 725945.31 | E92: 752919.56 | F92: 778090.4 | G92: 816565.9 | H92: 849881.73 | I92: 878308.77 | J92: 902850.64
A93: Hocking | B93: Residential Labor Force | C93: Labor Force | D93: 13165.576 | E93: 12798.857 | F93: 12451.436 | G93: 12298.913 | H93: 12215.302 | I93: 12198.688 | J93: 12149.163
A94: Knox | B94: Residential Labor Force | C94: Labor Force | D94: 30451.149 | E94: 30390.677 | F94: 30385.61 | G94: 30961.629 | H94: 31618.285 | I94: 32387.777 | J94: 33079.706
A95: Licking | B95: Residential Labor Force | C95: Labor Force | D95: 89326.34 | E95: 93968.446 | F95: 97616.574 | G95: 105362.45 | H95: 110545.55 | I95: 114498.06 | J95: 117973.54
A96: Logan | B96: Residential Labor Force | C96: Labor Force | D96: 22430.256 | E96: 21992.694 | F96: 21829.167 | G96: 21858.223 | H96: 22077.684 | I96: 22454.51 | J96: 22802.332
A97: Madison | B97: Residential Labor Force | C97: Labor Force | D97: 19955.978 | E97: 20969.476 | F97: 21734.557 | G97: 22718.13 | H97: 23730.529 | I97: 24704.558 | J97: 25715.844
A98: Marion | B98: Residential Labor Force | C98: Labor Force | D98: 27944.846 | E98: 27312.385 | F98: 27117.487 | G98: 27520.589 | H98: 27825.413 | I98: 27821.5 | J98: 27630.684
A99: Morrow | B99: Residential Labor Force | C99: Labor Force | D99: 18028.607 | E99: 18537.802 | F99: 18719.361 | G99: 19231.719 | H99: 19721.209 | I99: 20252.885 | J99: 20862.089
A100: Perry | B100: Residential Labor Force | C100: Labor Force | D100: 15798.159 | E100: 16047.36 | F100: 15991.876 | G100: 16126.315 | H100: 16343.635 | I100: 16611.53 | J100: 16898.893
... A103: Union | B103: Residential Labor Force | C103: Labor Force | D103: 32729.435 | E103: 33764.906 | F103: 35980.75 | G103: 38766.441 | H103: 42006.957 | I103: 45551.513 | J103: 48990.372
A104: 15-County Region | B104: Employment | C104: Office Employment | D104: =SUM(D106:D120) -> 519085 | E104: =SUM(E106:E120) -> 541012 | F104: =SUM(F106:F120) -> 562050 | G104: =SUM(G106:G120) -> 592725 | H104: =SUM(H106:H120) -> 620000 | I104: =SUM(I106:I120) -> 644439 | J104: =SUM(J106:J120) -> 666893
A105: 10-County Region | B105: Employment | C105: Office Employment | D105: =SUM(D106,D107,D109,D111:D112,D114:D116,D118,D120) -> 496438 | E105: =SUM(E106,E107,E109,E111:E112,E114:E116,E118,E120) -> 518705 | F105: =SUM(F106,F107,F109,F111:F112,F114:F116,F118,F120) -> 539969 | G105: =SUM(G106,G107,G109,G111:G112,G114:G116,G118,G120) -> 570671 | H105: =SUM(H106,H107,H109,H111:H112,H114:H116,H118,H120) -> 597837 | I105: =SUM(I106,I107,I109,I111:I112,I114:I116,I118,I120) -> 622100 | J105: =SUM(J106,J107,J109,J111:J112,J114:J116,J118,J120) -> 644381
A106: Delaware | B106: Employment | C106: Office Employment | D106: =Jobs!B25 -> 45294 | E106: =Jobs!C25 -> 51459 | F106: =Jobs!D25 -> 57034 | G106: =Jobs!E25 -> 63032 | H106: =Jobs!F25 -> 68700 | I106: =Jobs!G25 -> 74231 | J106: =Jobs!H25 -> 80036
A107: Fairfield | B107: Employment | C107: Office Employment | D107: =Jobs!B26 -> 14629 | E107: =Jobs!C26 -> 15180 | F107: =Jobs!D26 -> 15755 | G107: =Jobs!E26 -> 16588 | H107: =Jobs!F26 -> 17484 | I107: =Jobs!G26 -> 18392 | J107: =Jobs!H26 -> 19264
A108: Fayette | B108: Employment | C108: Office Employment | D108: =Jobs!B27 -> 2972 | E108: =Jobs!C27 -> 3009 | F108: =Jobs!D27 -> 3064 | G108: =Jobs!E27 -> 3111 | H108: =Jobs!F27 -> 3159 | I108: =Jobs!G27 -> 3219 | J108: =Jobs!H27 -> 3289
A109: Franklin | B109: Employment | C109: Office Employment | D109: =Jobs!B28 -> 374910 | E109: =Jobs!C28 -> 386374 | F109: =Jobs!D28 -> 398536 | G109: =Jobs!E28 -> 417998 | H109: =Jobs!F28 -> 435172 | I109: =Jobs!G28 -> 449857 | J109: =Jobs!H28 -> 462543
A110: Hocking | B110: Employment | C110: Office Employment | D110: =Jobs!B29 -> 2109 | E110: =Jobs!C29 -> 2049 | F110: =Jobs!D29 -> 1991 | G110: =Jobs!E29 -> 1964 | H110: =Jobs!F29 -> 1951 | I110: =Jobs!G29 -> 1948 | J110: =Jobs!H29 -> 1938
A111: Knox | B111: Employment | C111: Office Employment | D111: =Jobs!B30 -> 5707 | E111: =Jobs!C30 -> 5665 | F111: =Jobs!D30 -> 5649 | G111: =Jobs!E30 -> 5749 | H111: =Jobs!F30 -> 5876 | I111: =Jobs!G30 -> 6023 | J111: =Jobs!H30 -> 6154
A112: Licking | B112: Employment | C112: Office Employment | D112: =Jobs!B31 -> 23241 | E112: =Jobs!C31 -> 26769 | F112: =Jobs!D31 -> 28496 | G112: =Jobs!E31 -> 31029 | H112: =Jobs!F31 -> 32376 | I112: =Jobs!G31 -> 33407 | J112: =Jobs!H31 -> 34314
A113: Logan | B113: Employment | C113: Office Employment | D113: =Jobs!B32 -> 5201 | E113: =Jobs!C32 -> 5109 | F113: =Jobs!D32 -> 5071 | G113: =Jobs!E32 -> 5077 | H113: =Jobs!F32 -> 5128 | I113: =Jobs!G32 -> 5214 | J113: =Jobs!H32 -> 5294
A114: Madison | B114: Employment | C114: Office Employment | D114: =Jobs!B33 -> 5037 | E114: =Jobs!C33 -> 5260 | F114: =Jobs!D33 -> 5444 | G114: =Jobs!E33 -> 5684 | H114: =Jobs!F33 -> 5938 | I114: =Jobs!G33 -> 6180 | J114: =Jobs!H33 -> 6431
A115: Marion | B115: Employment | C115: Office Employment | D115: =Jobs!B34 -> 7759 | E115: =Jobs!C34 -> 7543 | F115: =Jobs!D34 -> 7473 | G115: =Jobs!E34 -> 7572 | H115: =Jobs!F34 -> 7652 | I115: =Jobs!G34 -> 7651 | J115: =Jobs!H34 -> 7605
...

Sheet Variable Dictionary
A1: Variable | B1: Variable Description
A2: Group Quarters Population | B2: Population living in group quarters (non-households such as dormitories, nursing homes, or correctional facilities)
A3: Household Population | B3: Population living in households
A4: Households | B4: Occupied housing units
A5: Housing Units | B5: Occupied and vacant housing units
A6: Industrial Employment | B6: Jobs related to industrial industries and/or land uses (e.g. warehousing, manufacturing)
A7: Labor Force | B7: Residents participating in the labor force (either employed or actively seeking work)
A8: Office Employment | B8: Jobs related to office industries and/or land uses (e.g. finance, headquarters, medical offices)
A9: Other Employment | B9: Jobs related to other industries and/or land uses (e.g. hospitals, schools and universities, agriculture)
A10: Population | B10: Population living in households and group quarters
A11: Population - Confidence Limit (upper) | B11: Upper confidence limit for for population projections.
A12: Population - Confidence Limit (lower) | B12: Lower confidence limit for for population projections.
... A20: 15-County Region | B20: Delaware, Fairfield, Fayette, Franklin, Hocking, Knox, Licking, Logan, Madison, Marion, Morrow, Perry, Pickaway, Ross, and Union counties in Ohio

Sheet Population Chart Data
A1: County | B1: Variable | C1: 1980 | D1: 1990 | E1: 2000 | F1: 2010 | G1: 2020 | H1: 2021 | I1: 2025 | J1: 2030 | K1: 2035 | L1: 2040 | M1: 2045 | N1: 2050
A2: Delaware | B2: Historic population | C2: ='Total Population'!B5 -> 53840 | D2: ='Total Population'!C5 -> 67482 | E2: ='Total Population'!D5 -> 111759 | F2: ='Total Population'!E5 -> 175099 | G2: ='Total Population'!F5 -> 215062 | H2: ='Total Population'!G5 -> 220740
A3: Delaware | B3: Forecasted population | H3: =H2 -> 220740 | I3: ='Total Population'!H5 -> 247016 | J3: ='Total Population'!M5 -> 277484 | K3: ='Total Population'!R5 -> 310863 | L3: ='Total Population'!W5 -> 340917 | M3: ='Total Population'!AB5 -> 369307 | N3: ='Total Population'!AG5 -> 397697
A4: Delaware | B4: Confidence limit | H4: =H2 -> 220740 | I4: ='Total Population'!I5 -> 248441 | J4: ='Total Population'!N5 -> 287218 | K4: ='Total Population'!S5 -> 329249 | L4: ='Total Population'!X5 -> 373888 | M4: ='Total Population'!AC5 -> 420768 | N4: ='Total Population'!AH5 -> 469644
A5: Delaware | B5: Confidence limit | H5: =H2 -> 220740 | I5: ='Total Population'!J5 -> 238464 | J5: ='Total Population'!O5 -> 256467 | K5: ='Total Population'!T5 -> 271216 | L5: ='Total Population'!Y5 -> 283357 | M5: ='Total Population'!AD5 -> 293257 | N5: ='Total Population'!AI5 -> 301161
A6: Fairfield | B6: Historic population | C6: ='Total Population'!B6 -> 93678 | D6: ='Total Population'!C6 -> 103823 | E6: ='Total Population'!D6 -> 123485 | F6: ='Total Population'!E6 -> 146417 | G6: ='Total Population'!F6 -> 159357 | H6: ='Total Population'!G6 -> 161064
A7: Fairfield | B7: Forecasted population | H7: =H6 -> 161064 | I7: ='Total Population'!H6 -> 169183 | J7: ='Total Population'!M6 -> 178449 | K7: ='Total Population'!R6 -> 188820 | L7: ='Total Population'!W6 -> 197928 | M7: ='Total Population'!AB6 -> 206404 | N7: ='Total Population'!AG6 -> 214880
A8: Fairfield | B8: Confidence limit | H8: =H6 -> 161064 | I8: ='Total Population'!I6 -> 171704 | J8: ='Total Population'!N6 -> 188541 | K8: ='Total Population'!S6 -> 208055 | L8: ='Total Population'!X6 -> 229705 | M8: ='Total Population'!AC6 -> 253189 | N8: ='Total Population'!AH6 -> 278304
A9: Fairfield | B9: Confidence limit | H9: =H6 -> 161064 | I9: ='Total Population'!J6 -> 163990 | J9: ='Total Population'!O6 -> 164104 | K9: ='Total Population'!T6 -> 161542 | L9: ='Total Population'!Y6 -> 156843 | M9: ='Total Population'!AD6 -> 150311 | N9: ='Total Population'!AI6 -> 142147
A10: Fayette | B10: Historic population | C10: ='Total Population'!B7 -> 27467 | D10: ='Total Population'!C7 -> 27501 | E10: ='Total Population'!D7 -> 28495 | F10: ='Total Population'!E7 -> 29014 | G10: ='Total Population'!F7 -> 28939 | H10: ='Total Population'!G7 -> 28906
A11: Fayette | B11: Forecasted population | H11: =H10 -> 28906 | I11: ='Total Population'!H7 -> 29419 | J11: ='Total Population'!M7 -> 30011 | K11: ='Total Population'!R7 -> 30634 | L11: ='Total Population'!W7 -> 31220 | M11: ='Total Population'!AB7 -> 31790 | N11: ='Total Population'!AG7 -> 32360
A12: Fayette | B12: Confidence limit | H12: =H10 -> 28906 | I12: ='Total Population'!I7 -> 29855 | J12: ='Total Population'!N7 -> 31216 | K12: ='Total Population'!S7 -> 32814 | L12: ='Total Population'!X7 -> 34594 | M12: ='Total Population'!AC7 -> 36534 | N12: ='Total Population'!AH7 -> 38618
A13: Fayette | B13: Confidence limit | H13: =H10 -> 28906 | I13: ='Total Population'!J7 -> 28912 | J13: ='Total Population'!O7 -> 28691 | K13: ='Total Population'!T7 -> 28240 | L13: ='Total Population'!Y7 -> 27601 | M13: ='Total Population'!AD7 -> 26802 | N13: ='Total Population'!AI7 -> 25859
A14: Franklin | B14: Historic population | C14: ='Total Population'!B8 -> 869126 | D14: ='Total Population'!C8 -> 965600 | E14: ='Total Population'!D8 -> 1072018 | F14: ='Total Population'!E8 -> 1166202 | G14: ='Total Population'!F8 -> 1324013 | H14: ='Total Population'!G8 -> 1321414
A15: Franklin | B15: Forecasted population | H15: =H14 -> 1321414 | I15: ='Total Population'!H8 -> 1390127 | J15: ='Total Population'!M8 -> 1447090 | K15: ='Total Population'!R8 -> 1519844 | L15: ='Total Population'!W8 -> 1574551 | M15: ='Total Population'!AB8 -> 1620232 | N15: ='Total Population'!AG8 -> 1665914
A16: Franklin | B16: Confidence limit | H16: =H14 -> 1321414 | I16: ='Total Population'!I8 -> 1409654 | J16: ='Total Population'!N8 -> 1506988 | K16: ='Total Population'!S8 -> 1617180 | L16: ='Total Population'!X8 -> 1738045 | M16: ='Total Population'!AC8 -> 1868239 | N16: ='Total Population'!AH8 -> 2006828
A17: Franklin | B17: Confidence limit | H17: =H14 -> 1321414 | I17: ='Total Population'!J8 -> 1333445 | J17: ='Total Population'!O8 -> 1327469 | K17: ='Total Population'!T8 -> 1308636 | L17: ='Total Population'!Y8 -> 1279131 | M17: ='Total Population'!AD8 -> 1240296 | N17: ='Total Population'!AI8 -> 1193066
A18: Hocking | B18: Historic population | C18: ='Total Population'!B9 -> 24304 | D18: ='Total Population'!C9 -> 25594 | E18: ='Total Population'!D9 -> 28262 | F18: ='Total Population'!E9 -> 29478 | G18: ='Total Population'!F9 -> 27999 | H18: ='Total Population'!G9 -> 28097
A19: Hocking | B19: Forecasted population | H19: =H18 -> 28097 | I19: ='Total Population'!H9 -> 27965 | J19: ='Total Population'!M9 -> 27762 | K19: ='Total Population'!R9 -> 27629 | L19: ='Total Population'!W9 -> 27428 | M19: ='Total Population'!AB9 -> 27190 | N19: ='Total Population'!AG9 -> 26953
A20: Hocking | B20: Confidence limit | H20: =H18 -> 28097 | I20: ='Total Population'!I9 -> 28660 | J20: ='Total Population'!N9 -> 29751 | K20: ='Total Population'!S9 -> 31239 | L20: ='Total Population'!X9 -> 33041 | M20: ='Total Population'!AC9 -> 35114 | N20: ='Total Population'!AH9 -> 37429
A21: Hocking | B21: Confidence limit | H21: =H18 -> 28097 | I21: ='Total Population'!J9 -> 27122 | J21: ='Total Population'!O9 -> 25535 | K21: ='Total Population'!T9 -> 23571 | L21: ='Total Population'!Y9 -> 21295 | M21: ='Total Population'!AD9 -> 18747 | N21: ='Total Population'!AI9 -> 15958
A22: Knox | B22: Historic population | C22: ='Total Population'!B10 -> 46304 | D22: ='Total Population'!C10 -> 47637 | E22: ='Total Population'!D10 -> 54616 | F22: ='Total Population'!E10 -> 61090 | G22: ='Total Population'!F10 -> 62765 | H22: ='Total Population'!G10 -> 62897
A23: Knox | B23: Forecasted population | H23: =H22 -> 62897 | I23: ='Total Population'!H10 -> 64157 | J23: ='Total Population'!M10 -> 65339 | K23: ='Total Population'!R10 -> 67013 | L23: ='Total Population'!W10 -> 68125 | M23: ='Total Population'!AB10 -> 68957 | N23: ='Total Population'!AG10 -> 69790
A24: Knox | B24: Confidence limit | H24: =H22 -> 62897 | I24: ='Total Population'!I10 -> 65164 | J24: ='Total Population'!N10 -> 69227 | K24: ='Total Population'!S10 -> 74288 | L24: ='Total Population'!X10 -> 80150 | M24: ='Total Population'!AC10 -> 86702 | N24: ='Total Population'!AH10 -> 93868
A25: Knox | B25: Confidence limit | H25: =H22 -> 62897 | I25: ='Total Population'!J10 -> 61970 | J25: ='Total Population'!O10 -> 59572 | K25: ='Total Population'!T10 -> 56176 | L25: ='Total Population'!Y10 -> 51978 | M25: ='Total Population'!AD10 -> 47091 | N25: ='Total Population'!AI10 -> 41589
A26: Licking | B26: Historic population | C26: ='Total Population'!B11 -> 120981 | D26: ='Total Population'!C11 -> 129006 | E26: ='Total Population'!D11 -> 146268 | F26: ='Total Population'!E11 -> 166705 | G26: ='Total Population'!F11 -> 178680 | H26: ='Total Population'!G11 -> 180401
A27: Licking | B27: Forecasted population | H27: =H26 -> 180401 | I27: ='Total Population'!H11 -> 190915 | J27: ='Total Population'!M11 -> 200710 | K27: ='Total Population'!R11 -> 216962 | L27: ='Total Population'!W11 -> 225833 | M27: ='Total Population'!AB11 -> 231017 | N27: ='Total Population'!AG11 -> 236202
A28: Licking | B28: Confidence limit | H28: =H26 -> 180401 | I28: ='Total Population'!I11 -> 189312 | J28: ='Total Population'!N11 -> 203164 | K28: ='Total Population'!S11 -> 219200 | L28: ='Total Population'!X11 -> 237045 | M28: ='Total Population'!AC11 -> 256471 | N28: ='Total Population'!AH11 -> 277319
A29: Licking | B29: Confidence limit | H29: =H26 -> 180401 | I29: ='Total Population'!J11 -> 176808 | J29: ='Total Population'!O11 -> 173324 | K29: ='Total Population'!T11 -> 167658 | L29: ='Total Population'!Y11 -> 160181 | M29: ='Total Population'!AD11 -> 151123 | N29: ='Total Population'!AI11 -> 140644
A30: Logan | B30: Historic population | C30: ='Total Population'!B12 -> 39155 | D30: ='Total Population'!C12 -> 42417 | E30: ='Total Population'!D12 -> 45984 | F30: ='Total Population'!E12 -> 45743 | G30: ='Total Population'!F12 -> 46065 | H30: ='Total Population'!G12 -> 46035
A31: Logan | B31: Forecasted population | H31: =H30 -> 46035 | I31: ='Total Population'!H12 -> 46095 | J31: ='Total Population'!M12 -> 46407 | K31: ='Total Population'!R12 -> 46763 | L31: ='Total Population'!W12 -> 47058 | M31: ='Total Population'!AB12 -> 47335 | N31: ='Total Population'!AG12 -> 47611
A32: Logan | B32: Confidence limit | H32: =H30 -> 46035 | I32: ='Total Population'!I12 -> 47290 | J32: ='Total Population'!N12 -> 49351 | K32: ='Total Population'!S12 -> 51833 | L32: ='Total Population'!X12 -> 54679 | M32: ='Total Population'!AC12 -> 57844 | N32: ='Total Population'!AH12 -> 61297
A33: Logan | B33: Confidence limit | H33: =H30 -> 46035 | I33: ='Total Population'!J12 -> 44871 | J33: ='Total Population'!O12 -> 43377 | K33: ='Total Population'!T12 -> 41448 | L33: ='Total Population'!Y12 -> 39156 | M33: ='Total Population'!AD12 -> 36544 | N33: ='Total Population'!AI12 -> 33644
A34: Madison | B34: Historic population | C34: ='Total Population'!B13 -> 33004 | D34: ='Total Population'!C13 -> 37111 | E34: ='Total Population'!D13 -> 40218 | F34: ='Total Population'!E13 -> 43434 | G34: ='Total Population'!F13 -> 43823 | H34: ='Total Population'!G13 -> 44386
A35: Madison | B35: Forecasted population | H35: =H34 -> 44386 | I35: ='Total Population'!H13 -> 46487 | J35: ='Total Population'!M13 -> 48833 | K35: ='Total Population'!R13 -> 51412 | L35: ='Total Population'!W13 -> 53726 | M35: ='Total Population'!AB13 -> 55905 | N35: ='Total Population'!AG13 -> 58084
A36: Madison | B36: Confidence limit | H36: =H34 -> 44386 | I36: ='Total Population'!I13 -> 49508 | J36: ='Total Population'!N13 -> 58168 | K36: ='Total Population'!S13 -> 68798 | L36: ='Total Population'!X13 -> 81014 | M36: ='Total Population'!AC13 -> 94597 | N36: ='Total Population'!AH13 -> 109400
A37: Madison | B37: Confidence limit | H37: =H34 -> 44386 | I37: ='Total Population'!J13 -> 42918 | J37: ='Total Population'!O13 -> 38616 | K37: ='Total Population'!T13 -> 32345 | L37: ='Total Population'!Y13 -> 24486 | M37: ='Total Population'!AD13 -> 15261 | N37: ='Total Population'!AI13 -> 4816
A38: Marion | B38: Historic population | C38: ='Total Population'!B14 -> 67974 | D38: ='Total Population'!C14 -> 64289 | E38: ='Total Population'!D14 -> 66135 | F38: ='Total Population'!E14 -> 66458 | G38: ='Total Population'!F14 -> 65363 | H38: ='Total Population'!G14 -> 65291
A39: Marion | B39: Forecasted population | H39: =H38 -> 65291 | I39: ='Total Population'!H14 -> 65314 | J39: ='Total Population'!M14 -> 65160 | K39: ='Total Population'!R14 -> 65246 | L39: ='Total Population'!W14 -> 65059 | M39: ='Total Population'!AB14 -> 64732 | N39: ='Total Population'!AG14 -> 64405
A40: Marion | B40: Confidence limit | H40: =H38 -> 65291 | I40: ='Total Population'!I14 -> 66329 | J40: ='Total Population'!N14 -> 66651 | K40: ='Total Population'!S14 -> 66806 | L40: ='Total Population'!X14 -> 66879 | M40: ='Total Population'!AC14 -> 66903 | N40: ='Total Population'!AH14 -> 66892
A41: Marion | B41: Confidence limit | H41: =H38 -> 65291 | I41: ='Total Population'!J14 -> 63731 | J41: ='Total Population'!O14 -> 62754 | K41: ='Total Population'!T14 -> 61945 | L41: ='Total Population'!Y14 -> 61217 | M41: ='Total Population'!AD14 -> 60539 | N41: ='Total Population'!AI14 -> 59896
A42: Morrow | B42: Historic population | C42: ='Total Population'!B15 -> 26480 | D42: ='Total Population'!C15 -> 27784 | E42: ='Total Population'!D15 -> 31813 | F42: ='Total Population'!E15 -> 34790 | G42: ='Total Population'!F15 -> 34964 | H42: ='Total Population'!G15 -> 35151
A43: Morrow | B43: Forecasted population | H43: =H42 -> 35151 | I43: ='Total Population'!H15 -> 36425 | J43: ='Total Population'!M15 -> 37666 | K43: ='Total Population'!R15 -> 39338 | L43: ='Total Population'!W15 -> 40519 | M43: ='Total Population'!AB15 -> 41454 | N43: ='Total Population'!AG15 -> 42389
A44: Morrow | B44: Confidence limit | H44: =H42 -> 35151 | I44: ='Total Population'!I15 -> 37323 | J44: ='Total Population'!N15 -> 41222 | K44: ='Total Population'!S15 -> 46050 | L44: ='Total Population'!X15 -> 51621 | M44: ='Total Population'!AC15 -> 57832 | N44: ='Total Population'!AH15 -> 64613
A45: Morrow | B45: Confidence limit | H45: =H42 -> 35151 | I45: ='Total Population'!J15 -> 34476 | J45: ='Total Population'!O15 -> 32447 | K45: ='Total Population'!T15 -> 29489 | L45: ='Total Population'!Y15 -> 25788 | M45: ='Total Population'!AD15 -> 21447 | N45: ='Total Population'!AI15 -> 16536
A46: Perry | B46: Historic population | C46: ='Total Population'!B16 -> 31032 | D46: ='Total Population'!C16 -> 31596 | E46: ='Total Population'!D16 -> 34099 | F46: ='Total Population'!E16 -> 36037 | G46: ='Total Population'!F16 -> 35439 | H46: ='Total Population'!G16 -> 35460
A47: Perry | B47: Forecasted population | H47: =H46 -> 35460 | I47: ='Total Population'!H16 -> 36859 | J47: ='Total Population'!M16 -> 37415 | K47: ='Total Population'!R16 -> 38131 | L47: ='Total Population'!W16 -> 38662 | M47: ='Total Population'!AB16 -> 39102 | N47: ='Total Population'!AG16 -> 39542
A48: Perry | B48: Confidence limit | H48: =H46 -> 35460 | I48: ='Total Population'!I16 -> 38560 | J48: ='Total Population'!N16 -> 41469 | K48: ='Total Population'!S16 -> 44979 | L48: ='Total Population'!X16 -> 48989 | M48: ='Total Population'!AC16 -> 53437 | N48: ='Total Population'!AH16 -> 58278
A49: Perry | B49: Confidence limit | H49: =H46 -> 35460 | I49: ='Total Population'!J16 -> 34761 | J49: ='Total Population'!O16 -> 32732 | K49: ='Total Population'!T16 -> 30102 | L49: ='Total Population'!Y16 -> 26972 | M49: ='Total Population'!AD16 -> 23404 | N49: ='Total Population'!AI16 -> 19442
A50: Pickaway | B50: Historic population | C50: ='Total Population'!B17 -> 43662 | D50: ='Total Population'!C17 -> 48257 | E50: ='Total Population'!D17 -> 52808 | F50: ='Total Population'!E17 -> 55740 | G50: ='Total Population'!F17 -> 58628 | H50: ='Total Population'!G17 -> 59333
A51: Pickaway | B51: Forecasted population | H51: =H50 -> 59333 | I51: ='Total Population'!H17 -> 62355 | J51: ='Total Population'!M17 -> 65891 | K51: ='Total Population'!R17 -> 69716 | L51: ='Total Population'!W17 -> 73212 | M51: ='Total Population'!AB17 -> 76545 | N51: ='Total Population'!AG17 -> 79877
A52: Pickaway | B52: Confidence limit | H52: =H50 -> 59333 | I52: ='Total Population'!I17 -> 66029 | J52: ='Total Population'!N17 -> 77450 | K52: ='Total Population'!S17 -> 91360 | L52: ='Total Population'!X17 -> 107272 | M52: ='Total Population'!AC17 -> 124906 | N52: ='Total Population'!AH17 -> 144076
A53: Pickaway | B53: Confidence limit | H53: =H50 -> 59333 | I53: ='Total Population'!J17 -> 58005 | J53: ='Total Population'!O17 -> 53249 | K53: ='Total Population'!T17 -> 46004 | L53: ='Total Population'!Y17 -> 36758 | M53: ='Total Population'!AD17 -> 25789 | N53: ='Total Population'!AI17 -> 13285
A54: Ross | B54: Historic population | C54: ='Total Population'!B18 -> 65004 | D54: ='Total Population'!C18 -> 69401 | E54: ='Total Population'!D18 -> 73507 | F54: ='Total Population'!E18 -> 78098 | G54: ='Total Population'!F18 -> 76985 | H54: ='Total Population'!G18 -> 76891
A55: Ross | B55: Forecasted population | H55: =H54 -> 76891 | I55: ='Total Population'!H18 -> 76590 | J55: ='Total Population'!M18 -> 76204 | K55: ='Total Population'!R18 -> 75876 | L55: ='Total Population'!W18 -> 75478 | M55: ='Total Population'!AB18 -> 75040 | N55: ='Total Population'!AG18 -> 74602
A56: Ross | B56: Confidence limit | H56: =H54 -> 76891 | I56: ='Total Population'!I18 -> 79695 | J56: ='Total Population'!N18 -> 85847 | K56: ='Total Population'!S18 -> 94070 | L56: ='Total Population'!X18 -> 103952 | M56: ='Total Population'!AC18 -> 115258 | N56: ='Total Population'!AH18 -> 127833
A57: Ross | B57: Confidence limit | H57: =H54 -> 76891 | I57: ='Total Population'!J18 -> 73390 | J57: ='Total Population'!O18 -> 66369 | K57: ='Total Population'!T18 -> 57266 | L57: ='Total Population'!Y18 -> 46512 | M57: ='Total Population'!AD18 -> 34330 | N57: ='Total Population'!AI18 -> 20880
A58: Union | B58: Historic population | C58: ='Total Population'!B19 -> 29536 | D58: ='Total Population'!C19 -> 32010 | E58: ='Total Population'!D19 -> 41338 | F58: ='Total Population'!E19 -> 52464 | G58: ='Total Population'!F19 -> 63077 | H58: ='Total Population'!G19 -> 64971
A59: Union | B59: Forecasted population | H59: =H58 -> 64971 | I59: ='Total Population'!H19 -> 66408 | J59: ='Total Population'!M19 -> 72505 | K59: ='Total Population'!R19 -> 78933 | L59: ='Total Population'!W19 -> 84983 | M59: ='Total Population'!AB19 -> 90844 | N59: ='Total Population'!AG19 -> 96705
A60: Union | B60: Confidence limit | H60: =H58 -> 64971 | I60: ='Total Population'!I19 -> 69664 | J60: ='Total Population'!N19 -> 80350 | K60: ='Total Population'!S19 -> 92220 | L60: ='Total Population'!X19 -> 105075 | M60: ='Total Population'!AC19 -> 118792 | N60: ='Total Population'!AH19 -> 133284
A61: Union | B61: Confidence limit | H61: =H58 -> 64971 | I61: ='Total Population'!J19 -> 62368 | J61: ='Total Population'!O19 -> 63404 | K61: ='Total Population'!T19 -> 63255 | L61: ='Total Population'!Y19 -> 62122 | M61: ='Total Population'!AD19 -> 60127 | N61: ='Total Population'!AI19 -> 57356
A62: Total | B62: Historic population | C62: ='Total Population'!B20 -> 1571547 | D62: ='Total Population'!C20 -> 1719508 | E62: ='Total Population'!D20 -> 1950805 | F62: ='Total Population'!E20 -> 2186769 | G62: ='Total Population'!F20 -> 2421159 | H62: ='Total Population'!G20 -> 2431037
A63: Total | B63: Forecasted population | H63: =H62 -> 2431037 | I63: ='Total Population'!H20 -> 2555315 | J63: ='Total Population'!M20 -> 2676926 | K63: ='Total Population'!R20 -> 2827180 | L63: ='Total Population'!W20 -> 2944699 | M63: ='Total Population'!AB20 -> 3045854 | N63: ='Total Population'!AG20 -> 3147011
A64: Total | B64: Confidence limit | H64: =H62 -> 2431037 | I64: ='Total Population'!I20 -> 2597188 | J64: ='Total Population'!N20 -> 2816613 | K64: ='Total Population'!S20 -> 3068141 | L64: ='Total Population'!X20 -> 3345949 | M64: ='Total Population'!AC20 -> 3646586 | N64: ='Total Population'!AH20 -> 3967683
A65: Total | B65: Confidence limit | H65: =H62 -> 2431037 | I65: ='Total Population'!J20 -> 2445231 | J65: ='Total Population'!O20 -> 2428110 | K65: ='Total Population'!T20 -> 2378893 | L65: ='Total Population'!Y20 -> 2303397 | M65: ='Total Population'!AD20 -> 2205068 | N65: ='Total Population'!AI20 -> 2086279

Sheet Revision History
A1: Date | B1: Sheet affected | C1: Description of changes
A2: 45044 | B2: Jobs | C2: Corrected misallocation of jobs related to specific economic developments. Previously all jobs (direct and induced) associated with an economic development were allocated amongst all counties in the region according to population density and travel time to the facility. This change reallocated *direct jobs only* from other counties back to the county where the development is located based on the assumption that most workers at these developments will travel to the facility for work. Induced jobs remain allocated as before based on the assumption that most of these jobs will be located where people live.
A3: 45057 | B3: Jobs | C3: Updated jobs forecasts to better account for sole proprietors.
A4: 45058 | B4: Group Quarters and Households Household Population by Age | C4: Corrected error in computation of group quarters population, total household population, and household population by age.
